path,sha256,ground_truth,correctness,has_exact_copy_in_gt_folders,v10_float_prediction,v10_int8_prediction,v10_int8_confidence,v9_firmware_prediction,v9_firmware_confidence,v9_v10_top1_agree,received_at,inference_us_v9_firmware,metadata_model_version,training_exposure,v10_int8_paper,v10_int8_plastic,v10_int8_organic,mean_luma,std_luma,mean_saturation,laplacian_variance,edge_fraction,dark_fraction,bright_fraction,nearest_train_path,nearest_train_label,nearest_train_cosine_distance,nearest_predicted_class_train_path,nearest_predicted_class_cosine_distance,embedding_ood_for_predicted_class
data/images/058b949e-11da-465a-a17b-8e4806c4d5dd.jpg,0766d870968e3154be9ee3066bb16282d042b6cc0f351f6d14767bf20fd4d4ac,UNKNOWN,NOT_EVALUATED,False,paper,paper,0.94921875,plastic,0.929412,False,2026-08-11T12:44:06.050808Z,383094,tinycnn-v9-balanced-esp-contract,unseen,0.94921875,0.05078125,0.0,125.22233072916667,41.451133881191375,28.904622395833332,241.3247833251953,0.0693359375,0.022867838541666668,0.040283203125,train/paper/augv9_paper_train_original_102.jpg,paper,0.030397891998291016,train/paper/augv9_paper_train_original_102.jpg,0.030397891998291016,False
data/images/08957b4d-b996-4f82-a385-44b1c59b5c64.jpg,4e44cf2afd8a40aa529c24b3ef82130179487a9c246d44362e6458182f5a3cae,UNKNOWN,NOT_EVALUATED,True,paper,paper,0.99609375,organic,0.851562,False,2026-08-11T13:02:56.066851Z,383168,tinycnn-v9-balanced-esp-contract,exact_train_file,0.99609375,0.0,0.0,124.72054036458333,58.03314618352176,37.14697265625,234.48631286621094,0.060302734375,0.103759765625,0.07454427083333333,train/paper/augv9_paper_train_original_001.jpg,paper,0.0,train/paper/augv9_paper_train_original_001.jpg,0.0,False
data/images/09be46bc-6941-4ba6-b61f-c53fb58d7be6.jpg,d58378008855b19cdc69be120ce5780dd73ee47308ed98c5621b81049695c01e,UNKNOWN,NOT_EVALUATED,False,paper,paper,0.5234375,plastic,0.519531,False,2026-08-11T13:17:21.718786Z,383294,tinycnn-v9-balanced-esp-contract,unseen,0.5234375,0.40625,0.0703125,121.97249348958333,47.566820720919026,31.830973307291668,323.8888244628906,0.104248046875,0.050862630208333336,0.043619791666666664,train/paper/augv9_paper_train_original_065.jpg,paper,0.09235000610351562,train/paper/augv9_paper_train_original_065.jpg,0.09235000610351562,True
data/images/0dc78700-cae4-49d7-af86-780d18f797df.jpg,f23a725723c8c9ef69c5e30c74746572782fa4d02f5ace4377f71279d2fa7296,UNKNOWN,NOT_EVALUATED,True,paper,paper,0.98828125,plastic,0.617188,False,2026-08-11T13:31:09.542844Z,383393,tinycnn-v9-balanced-esp-contract,exact_train_file,0.98828125,0.00390625,0.0078125,125.89689127604167,43.1779588408108,24.301676432291668,150.42120361328125,0.04296875,0.059000651041666664,0.0,train/paper/augv9_paper_train_original_004.jpg,paper,0.0,train/paper/augv9_paper_train_original_004.jpg,0.0,False
data/images/0f733a16-8745-4c19-9904-f0b5c31b91fa.jpg,faadbe8d3b8a4d27b839d47b9041bc080818add823964fbc61f0e2d03bb09a04,UNKNOWN,NOT_EVALUATED,True,paper,paper,0.99609375,organic,0.433594,False,2026-08-11T13:04:17.331950Z,382486,tinycnn-v9-balanced-esp-contract,heldout_test,0.99609375,0.0,0.0,154.23291015625,44.321978493730384,43.836995442708336,227.3462371826172,0.043538411458333336,0.0,0.11027018229166667,train/paper/augv9_paper_train_original_033.jpg,paper,0.013677000999450684,train/paper/augv9_paper_train_original_033.jpg,0.013677000999450684,False
data/images/0f77f478-f518-4d37-874b-d961485e3255.jpg,db1cf6ed5b567602d606c11cd9fdf63ec713679b1e74317d3d93ba6ee0408398,UNKNOWN,NOT_EVALUATED,True,paper,paper,0.9921875,plastic,0.59375,False,2026-08-11T13:49:12.277027Z,383003,tinycnn-v9-balanced-esp-contract,exact_train_file,0.9921875,0.0078125,0.0,123.69807942708333,49.324642927822936,26.513020833333332,232.69078063964844,0.060953776041666664,0.08292643229166667,0.020833333333333332,train/paper/augv9_paper_train_original_005.jpg,paper,0.0,train/paper/augv9_paper_train_original_005.jpg,0.0,False
data/images/118e97e6-00c8-43bd-865b-921efa320cda.jpg,ec694a0db49d2acb63d2905ec0da70c6823db1f11c589d536a00461ef750cd63,UNKNOWN,NOT_EVALUATED,False,organic,organic,0.984375,paper,0.529412,False,2026-08-08T08:25:24.091250Z,391845,tinycnn-v9-balanced-esp-contract,unseen,0.0078125,0.0078125,0.984375,130.790771484375,44.61718049915161,24.723470052083332,433.7611389160156,0.042236328125,0.015380859375,0.036783854166666664,train/organic/augv9_organic_train_original_018.jpg,organic,0.046134114265441895,train/organic/augv9_organic_train_original_018.jpg,0.046134114265441895,True
data/images/11bdc53c-2ce4-47ae-aef2-3fd35c2218c1.jpg,758ce2e1a537e40301ef9827bd5d5a562639c18719601a3a9c8bbac8a89fae35,UNKNOWN,NOT_EVALUATED,False,paper,paper,0.9921875,plastic,0.78125,False,2026-08-11T13:01:38.063356Z,383036,tinycnn-v9-balanced-esp-contract,unseen,0.9921875,0.0078125,0.0,123.9541015625,36.60447434086351,27.621826171875,167.8451385498047,0.036295572916666664,0.0087890625,0.000732421875,train/paper/augv9_paper_train_original_102.jpg,paper,0.014285445213317871,train/paper/augv9_paper_train_original_102.jpg,0.014285445213317871,False
data/images/12a0b7d0-7292-4b7d-bca0-ebefa53d7067.jpg,48abd3160f71823749e14bbac425dadd2ef2112812b29b8f40cd06a5ee0498d7,UNKNOWN,NOT_EVALUATED,True,paper,paper,0.99609375,plastic,0.742188,False,2026-08-11T13:02:09.096947Z,382119,tinycnn-v9-balanced-esp-contract,exact_train_file,0.99609375,0.0,0.0,131.95792643229166,45.55792662515063,29.74462890625,156.83323669433594,0.035237630208333336,0.018961588541666668,0.021891276041666668,train/paper/augv9_paper_train_original_006.jpg,paper,5.960464477539063e-08,train/paper/augv9_paper_train_original_006.jpg,5.960464477539063e-08,False
data/images/1333e479-d829-4b34-9126-81d276a58278.jpg,a3250bf1483fc1b51402bacd9089d17401b7915d4fe1e1cf4774936f6f1bc035,UNKNOWN,NOT_EVALUATED,True,paper,paper,0.9921875,organic,0.741176,False,2026-08-11T13:58:19.358232Z,382527,tinycnn-v9-balanced-esp-contract,exact_train_file,0.9921875,0.0078125,0.0,95.95035807291667,30.881219481566117,38.719807942708336,303.5695495605469,0.023600260416666668,0.050211588541666664,0.0,train/paper/augv9_paper_train_original_007.jpg,paper,5.960464477539063e-08,train/paper/augv9_paper_train_original_007.jpg,5.960464477539063e-08,False
data/images/14645458-07eb-40f1-a49a-da76033c4dcb.jpg,d952e54ef108460d4d6500fefb04ea0ff717baff28c856513a3c6e4ba7fb9057,UNKNOWN,NOT_EVALUATED,True,paper,paper,0.984375,plastic,0.855469,False,2026-08-11T12:54:10.633378Z,383167,tinycnn-v9-balanced-esp-contract,exact_train_file,0.984375,0.01171875,0.0078125,130.60221354166666,36.59758779756165,32.700602213541664,336.94195556640625,0.049479166666666664,0.010498046875,0.0,train/paper/augv9_paper_train_original_008.jpg,paper,1.1920928955078125e-07,train/paper/augv9_paper_train_original_008.jpg,1.1920928955078125e-07,False
data/images/146b8896-93fd-40bf-8163-c9112058ded4.jpg,bfdc5654a9e77c2605a9371899f619da7bf00cbcbe005b439589c641f736e024,UNKNOWN,NOT_EVALUATED,True,paper,paper,0.99609375,organic,0.847656,False,2026-08-11T13:04:59.716127Z,382872,tinycnn-v9-balanced-esp-contract,exact_train_file,0.99609375,0.0,0.0,125.83805338541667,50.09058016444501,37.340250651041664,206.35255432128906,0.041910807291666664,0.052001953125,0.05517578125,train/paper/augv9_paper_train_original_009.jpg,paper,0.0,train/paper/augv9_paper_train_original_009.jpg,0.0,False
data/images/193590c5-aa85-490c-8142-74db88c2a5c9.jpg,5535d3fde0925fa3fd5d715d3541c754b3d6eca1626751d3b18678e0815273aa,UNKNOWN,NOT_EVALUATED,True,paper,paper,0.99609375,plastic,0.871094,False,2026-08-11T12:48:45.417305Z,383150,tinycnn-v9-balanced-esp-contract,exact_train_file,0.99609375,0.0,0.0,126.41292317708333,30.8686059872431,31.768147786458332,173.05699157714844,0.023274739583333332,0.0,8.138020833333333e-05,train/paper/augv9_paper_train_original_010.jpg,paper,-1.1920928955078125e-07,train/paper/augv9_paper_train_original_010.jpg,-1.1920928955078125e-07,False
data/images/198617d1-c835-4496-b99b-ec2f68ad41e2.jpg,91398fe8d23c1cacfad68a69c6d984299317dc72e4247fafd56b9e2aeaaf52a3,UNKNOWN,NOT_EVALUATED,False,plastic,plastic,0.75,organic,0.828794,False,2026-08-08T08:19:41.456923Z,383721,tinycnn-v9-balanced-esp-contract,unseen,0.12890625,0.75,0.12109375,134.05973307291666,55.899064538997436,21.876708984375,261.08251953125,0.031656901041666664,0.14363606770833334,0.0029296875,train/plastic/augv9_plastic_train_original_007.jpg,plastic,0.13685262203216553,train/plastic/augv9_plastic_train_original_007.jpg,0.13685262203216553,True
data/images/1a9c1cdc-beaf-4a6a-b8bc-bc005188d77d.jpg,d58a2f3a6e605500a353fc5bf1802d0251d8f8261303d3592851c2fd78c87322,UNKNOWN,NOT_EVALUATED,True,paper,paper,0.99609375,plastic,0.851562,False,2026-08-11T13:55:11.863730Z,383858,tinycnn-v9-balanced-esp-contract,heldout_validation,0.99609375,0.0,0.0,123.01253255208333,43.66756563225889,33.843424479166664,570.0806884765625,0.060791015625,0.01171875,0.047281901041666664,train/paper/augv9_paper_train_original_102.jpg,paper,0.017491936683654785,train/paper/augv9_paper_train_original_102.jpg,0.017491936683654785,False
data/images/1bec95d6-6a89-46a5-9314-b77b1f4575c5.jpg,2b26f3ad9bff37dda53c664b9b50b693ff6929acfda491487d1106303f88ec65,UNKNOWN,NOT_EVALUATED,True,paper,paper,0.99609375,plastic,0.761719,False,2026-08-11T13:45:55.713404Z,382010,tinycnn-v9-balanced-esp-contract,heldout_test,0.99609375,0.0,0.0,125.14046223958333,45.03126044754541,23.992919921875,253.878662109375,0.049153645833333336,0.038736979166666664,0.004150390625,train/paper/augv9_paper_train_original_048.jpg,paper,0.0137786865234375,train/paper/augv9_paper_train_original_048.jpg,0.0137786865234375,False
data/images/1c2f7fe2-355e-4287-ae7d-9284eec7e435.jpg,b7ef0bfb1ea426a62c85e602b8230917dd220b1c0f0bddcfec76631ca100b40d,UNKNOWN,NOT_EVALUATED,False,paper,paper,0.98828125,plastic,0.894531,False,2026-08-11T13:17:48.650069Z,383046,tinycnn-v9-balanced-esp-contract,unseen,0.98828125,0.01171875,0.0,124.06266276041667,49.1187026730624,29.976318359375,277.9576721191406,0.06982421875,0.06705729166666667,0.042154947916666664,train/paper/augv9_paper_train_original_102.jpg,paper,0.021977782249450684,train/paper/augv9_paper_train_original_102.jpg,0.021977782249450684,False
data/images/1e1e58a4-8052-48c3-a688-7170ddad2e3b.jpg,535a538a6017e111153b203fd62635f7a25383aa9b3d3a4eee0c1a977b0a3fd7,UNKNOWN,NOT_EVALUATED,True,paper,paper,0.9921875,plastic,0.879377,False,2026-08-11T12:43:38.540153Z,383520,tinycnn-v9-balanced-esp-contract,exact_train_file,0.9921875,0.0078125,0.0,130.83146158854166,43.237255728768275,28.937255859375,233.85906982421875,0.053141276041666664,0.049641927083333336,0.017578125,train/paper/augv9_paper_train_original_011.jpg,paper,0.0,train/paper/augv9_paper_train_original_011.jpg,0.0,False
data/images/1f6f04d8-d139-4a20-be44-b7c0857f8013.jpg,47d6f77b832e8e76e8e9f5da14f5d0a74f173a01c1db30b419ef656120b006e3,UNKNOWN,NOT_EVALUATED,False,paper,paper,0.85546875,plastic,0.871094,False,2026-08-11T12:50:36.852211Z,383857,tinycnn-v9-balanced-esp-contract,unseen,0.85546875,0.13671875,0.0078125,132.8837890625,46.05048998469512,27.71337890625,223.2921142578125,0.039632161458333336,0.02880859375,0.052815755208333336,train/paper/augv9_paper_train_original_020.jpg,paper,0.02468550205230713,train/paper/augv9_paper_train_original_020.jpg,0.02468550205230713,False
data/images/20e643a9-367f-496d-8c05-098954b6ceb0.jpg,5e009329e3a00404201f652ca7f46e42f7cda1971eea841de17120149c5ce0d0,UNKNOWN,NOT_EVALUATED,False,paper,paper,0.51953125,plastic,0.474708,False,2026-08-11T14:27:11.519310Z,382091,tinycnn-v9-balanced-esp-contract,unseen,0.51953125,0.4375,0.04296875,129.20930989583334,39.57714280157496,21.608235677083332,129.6887664794922,0.018147786458333332,0.018636067708333332,0.0,train/paper/augv9_paper_train_original_076.jpg,paper,0.07982027530670166,train/paper/augv9_paper_train_original_076.jpg,0.07982027530670166,True
data/images/211fb8cf-5c52-4d08-b5eb-1d775a89d1c8.jpg,48ee765f0f2d07fbe04f96b7917deb457c6bb3a4aa7782c2ff294d662fe5c05e,UNKNOWN,NOT_EVALUATED,True,paper,paper,0.9921875,organic,0.898438,False,2026-08-08T08:59:20.974598Z,383113,tinycnn-v9-balanced-esp-contract,exact_train_file,0.9921875,0.0,0.0078125,129.0322265625,35.998853016171495,35.955810546875,361.2546691894531,0.040852864583333336,0.023763020833333332,0.006022135416666667,train/paper/augv9_paper_train_original_012.jpg,paper,0.0,train/paper/augv9_paper_train_original_012.jpg,0.0,False
data/images/22f1398d-3ac0-43db-a55f-03defe8b04ab.jpg,dea8182a8c1e47468b60fcd175ae358ee45b75330575863dfb5bdbb7cdb7edbb,UNKNOWN,NOT_EVALUATED,True,paper,paper,0.99609375,organic,0.753906,False,2026-08-11T13:05:53.319202Z,383099,tinycnn-v9-balanced-esp-contract,exact_train_file,0.99609375,0.0,0.0,125.75642903645833,53.280993395113185,36.947591145833336,184.79432678222656,0.035237630208333336,0.06502278645833333,0.07023111979166667,train/paper/augv9_paper_train_original_013.jpg,paper,-2.384185791015625e-07,train/paper/augv9_paper_train_original_013.jpg,-2.384185791015625e-07,False
data/images/25fd15f0-f9b1-405f-a2d4-ca23caccb2ed.jpg,48a57a31927a921f89975c99ab6c18278e45789fc04d017644b21a7014ac635a,UNKNOWN,NOT_EVALUATED,True,paper,paper,0.99609375,plastic,0.714844,False,2026-08-11T12:43:53.463777Z,382366,tinycnn-v9-balanced-esp-contract,exact_train_file,0.99609375,0.0,0.0,150.91617838541666,46.55401878831922,38.10595703125,366.9124755859375,0.034749348958333336,0.0,0.14607747395833334,train/paper/augv9_paper_train_original_014.jpg,paper,-1.1920928955078125e-07,train/paper/augv9_paper_train_original_014.jpg,-1.1920928955078125e-07,False
data/images/269464c7-a65a-46ca-b8e3-a97c1431b28a.jpg,56fd48071da753ab74e4a6fea741e81c6a6ba727cb1315e5c21e398fdb40a143,UNKNOWN,NOT_EVALUATED,True,paper,paper,0.99609375,plastic,0.803922,False,2026-08-11T13:50:03.260152Z,382154,tinycnn-v9-balanced-esp-contract,exact_train_file,0.99609375,0.0,0.0,122.03108723958333,49.92924691647207,24.248779296875,423.8252868652344,0.134033203125,0.0703125,0.0037434895833333335,train/paper/augv9_paper_train_original_015.jpg,paper,0.0,train/paper/augv9_paper_train_original_015.jpg,0.0,False
data/images/27e3daf1-04a7-47f0-a343-5a9c34e4c141.jpg,811b833202cd5b6a97485fe86c9769e0459bf68729ff5265b407089227f78cfc,UNKNOWN,NOT_EVALUATED,True,paper,paper,0.99609375,plastic,0.635294,False,2026-08-11T13:56:26.356048Z,383094,tinycnn-v9-balanced-esp-contract,exact_train_file,0.99609375,0.0,0.0,138.83113606770834,43.0994759605187,29.952067057291668,199.819091796875,0.04931640625,0.00537109375,0.012858072916666666,train/paper/augv9_paper_train_original_016.jpg,paper,0.0,train/paper/augv9_paper_train_original_016.jpg,0.0,False
data/images/28bba1f0-ed43-4a0d-b5fd-0b66fd8fe928.jpg,794d08281b77e5681b1f8741104c5e286fff55280a4092a1b9a5d803adcc4ddc,UNKNOWN,NOT_EVALUATED,True,paper,paper,0.99609375,plastic,0.478599,False,2026-08-11T13:44:24.955239Z,383086,tinycnn-v9-balanced-esp-contract,exact_train_file,0.99609375,0.00390625,0.0,119.96842447916667,44.4333497577531,25.676920572916668,187.2158966064453,0.039957682291666664,0.07356770833333333,0.0016276041666666667,train/paper/augv9_paper_train_original_017.jpg,paper,0.0,train/paper/augv9_paper_train_original_017.jpg,0.0,False
data/images/2922f4ef-e8ef-4b23-8bc4-c4da6a4f7c7a.jpg,e7525f52c0f74787497f0294a90dc44149bad56fcc1434b1fd9d6342175b76f8,UNKNOWN,NOT_EVALUATED,True,paper,paper,0.99609375,plastic,0.542969,False,2026-08-08T08:58:58.226408Z,383144,tinycnn-v9-balanced-esp-contract,exact_train_file,0.99609375,0.00390625,0.0,140.94425455729166,37.16131432578207,36.5498046875,76.11750030517578,0.01513671875,0.0,0.026448567708333332,train/paper/augv9_paper_train_original_018.jpg,paper,0.0,train/paper/augv9_paper_train_original_018.jpg,0.0,False
data/images/2b8d6ef5-b12c-46e3-ab1e-5f0d5bcb3b01.jpg,e65934f5e98c1aa30fecc877e8e4a462ef3b683f73a578b477c8cca5fcc79b2e,UNKNOWN,NOT_EVALUATED,True,paper,paper,0.99609375,organic,0.453125,False,2026-08-11T13:39:32.322457Z,382998,tinycnn-v9-balanced-esp-contract,exact_train_file,0.99609375,0.00390625,0.0,143.67008463541666,46.88150521103404,21.636067708333332,254.46424865722656,0.059977213541666664,0.011881510416666666,0.060791015625,train/paper/augv9_paper_train_original_019.jpg,paper,0.0,train/paper/augv9_paper_train_original_019.jpg,0.0,False
data/images/2d0c8728-71b1-47c9-a8f9-5e11a8ad54a6.jpg,90a2f6f81ca912f7a9bf93ed79f8c9c546ee6e0021c018c2df3bb7d4af6fc963,UNKNOWN,NOT_EVALUATED,True,paper,paper,0.94921875,plastic,0.574219,False,2026-08-11T13:11:05.981072Z,383461,tinycnn-v9-balanced-esp-contract,exact_train_file,0.94921875,0.046875,0.00390625,124.14339192708333,33.20105918012753,24.316569010416668,129.70111083984375,0.030436197916666668,0.027506510416666668,0.0,train/paper/augv9_paper_train_original_020.jpg,paper,5.960464477539063e-08,train/paper/augv9_paper_train_original_020.jpg,5.960464477539063e-08,False
data/images/2e185fae-4482-41ee-b8ea-d6a090dd32f7.jpg,edcd64d47d69f68d2718f934f93d3c0a859489855bc77c3aacfcda425a9f1051,UNKNOWN,NOT_EVALUATED,True,plastic,plastic,0.99609375,paper,0.658824,False,2026-08-11T13:11:44.992244Z,382959,tinycnn-v9-balanced-esp-contract,heldout_validation,0.00390625,0.99609375,0.0,129.84000651041666,31.16685743452021,20.823811848958332,268.1835632324219,0.035807291666666664,0.0004069010416666667,0.0028483072916666665,train/plastic/plastic_train_original_004.jpg,plastic,0.012545406818389893,train/plastic/plastic_train_original_004.jpg,0.012545406818389893,False
data/images/32d970c8-9856-4e05-b143-4b746724ec76.jpg,9aaf5d9d24add6e3d06cc02f4c410333d995a09c4be661df5aa91b821ff73624,UNKNOWN,NOT_EVALUATED,True,paper,paper,0.5546875,plastic,0.753906,False,2026-08-11T13:41:38.975218Z,383102,tinycnn-v9-balanced-esp-contract,heldout_validation,0.5546875,0.3984375,0.046875,123.38126627604167,42.8704564825422,26.953857421875,188.0572509765625,0.0498046875,0.043863932291666664,0.005045572916666667,train/paper/augv9_paper_train_original_076.jpg,paper,0.08160650730133057,train/paper/augv9_paper_train_original_076.jpg,0.08160650730133057,True
data/images/33828efa-4dba-4a74-8e35-91a16d6fcc9f.jpg,2a98ab798a1d135974a5bfb4080ce69ba1144e529cbea9b98a4fdff28f9d039b,UNKNOWN,NOT_EVALUATED,True,plastic,plastic,0.99609375,paper,0.902344,False,2026-08-11T13:14:16.971442Z,383108,tinycnn-v9-balanced-esp-contract,exact_train_file,0.0,0.99609375,0.0,130.15299479166666,33.85828785387422,23.357828776041668,409.2359313964844,0.043131510416666664,0.000244140625,0.01025390625,train/plastic/augv9_plastic_train_original_003.jpg,plastic,5.960464477539063e-08,train/plastic/augv9_plastic_train_original_003.jpg,5.960464477539063e-08,False
data/images/34707b0a-0f5d-4e02-b499-b5e28cfa7c29.jpg,7591a63ceae4f274686de51eedd648b3e262dc642fc095a72f78eccbb658a66f,UNKNOWN,NOT_EVALUATED,True,paper,paper,0.71875,organic,0.527344,False,2026-08-11T13:06:06.128538Z,382879,tinycnn-v9-balanced-esp-contract,heldout_test,0.71875,0.265625,0.015625,160.33528645833334,52.606639757092694,30.825358072916668,125.36287689208984,0.033447265625,0.000244140625,0.2611490885416667,train/paper/augv9_paper_train_original_076.jpg,paper,0.06004530191421509,train/paper/augv9_paper_train_original_076.jpg,0.06004530191421509,True
data/images/3a19cb3f-bebe-4d00-ab57-1ca9f59cb431.jpg,a8d089e0f6803f5111efbfb33c8b427a03d2dfac808d8260ea0a59a593509a89,UNKNOWN,NOT_EVALUATED,False,paper,paper,0.59765625,organic,0.890625,False,2026-08-11T13:07:40.346825Z,382409,tinycnn-v9-balanced-esp-contract,unseen,0.59765625,0.30859375,0.09375,121.12418619791667,29.754584965785757,44.973388671875,241.2179412841797,0.034830729166666664,0.0,0.015625,train/paper/augv9_paper_train_original_065.jpg,paper,0.10399723052978516,train/paper/augv9_paper_train_original_065.jpg,0.10399723052978516,True
data/images/3a34ee2f-4cd6-4e18-af60-fbbab8355348.jpg,10c620105be761407f581d32cae0178717865866d22d49798397c66060935159,UNKNOWN,NOT_EVALUATED,True,paper,paper,0.99609375,plastic,0.746094,False,2026-08-11T12:48:22.553999Z,383087,tinycnn-v9-balanced-esp-contract,exact_train_file,0.99609375,0.0,0.0,131.94938151041666,37.39999307539168,31.28466796875,126.22064208984375,0.02685546875,0.015869140625,0.0,train/paper/augv9_paper_train_original_024.jpg,paper,0.0,train/paper/augv9_paper_train_original_024.jpg,0.0,False
data/images/3ae52a7d-41a2-4619-ad53-7c332e35c7bb.jpg,ec20e42d53cdb466f4f5ea99302bccaa8779dd5d82604a2ed1cababc2b5ea53f,UNKNOWN,NOT_EVALUATED,True,paper,paper,0.9921875,plastic,0.708171,False,2026-08-11T13:48:13.326803Z,383022,tinycnn-v9-balanced-esp-contract,exact_train_file,0.9921875,0.0078125,0.00390625,122.78678385416667,43.59402383211666,23.577555338541668,217.4623260498047,0.056233723958333336,0.038818359375,0.014811197916666666,train/paper/augv9_paper_train_original_025.jpg,paper,0.0,train/paper/augv9_paper_train_original_025.jpg,0.0,False
data/images/3ca0fe5d-41ee-40d3-8ac4-8ed10aba5178.jpg,7788a372cea84735849fba7f19046d93497e31fd7242ebee288adaa91e992240,UNKNOWN,NOT_EVALUATED,False,plastic,paper,0.4765625,plastic,0.472656,False,2026-08-11T14:03:12.539038Z,382206,tinycnn-v9-balanced-esp-contract,unseen,0.4765625,0.4765625,0.05078125,129.71565755208334,35.203896540922564,22.15966796875,273.9867858886719,0.031494140625,0.015869140625,0.0017903645833333333,train/paper/augv9_paper_train_original_020.jpg,paper,0.10318899154663086,train/paper/augv9_paper_train_original_020.jpg,0.10318899154663086,True
data/images/3fef7537-8d5b-47c2-bb1c-48e3fc4f4122.jpg,4e608c16f955cfcb201f0315ea7391c4c7e2839661c5fe7daa27778d1c4008e1,UNKNOWN,NOT_EVALUATED,True,paper,paper,0.99609375,plastic,0.871094,False,2026-08-11T13:47:48.150500Z,382069,tinycnn-v9-balanced-esp-contract,exact_train_file,0.99609375,0.0,0.0,122.88981119791667,46.42657453734494,23.777425130208332,208.2731170654297,0.050537109375,0.049397786458333336,0.013509114583333334,train/paper/augv9_paper_train_original_028.jpg,paper,0.0,train/paper/augv9_paper_train_original_028.jpg,0.0,False
data/images/40522739-479c-4ab5-9152-a43f4fd12987.jpg,c9886e59bf617772cc3409a91a1eeeea49144cc721a3eb0714246ebd52056d9d,UNKNOWN,NOT_EVALUATED,True,paper,paper,0.99609375,organic,0.723735,False,2026-08-11T13:09:10.604846Z,383233,tinycnn-v9-balanced-esp-contract,exact_train_file,0.99609375,0.0,0.0,149.82877604166666,55.43801506536234,31.48583984375,196.1945037841797,0.055501302083333336,0.01513671875,0.18668619791666666,train/paper/augv9_paper_train_original_029.jpg,paper,-1.1920928955078125e-07,train/paper/augv9_paper_train_original_029.jpg,-1.1920928955078125e-07,False
data/images/48890713-46ae-482a-a832-0b5a831d69a4.jpg,ad671c5762dd368101f69f0ed1659dcaa3858784f8f233ed6c9713fdc335e199,UNKNOWN,NOT_EVALUATED,False,paper,paper,0.99609375,plastic,0.831373,False,2026-08-11T12:38:52.567124Z,383086,tinycnn-v9-balanced-esp-contract,unseen,0.99609375,0.0,0.0,128.782958984375,28.73186439946791,40.94970703125,266.4795227050781,0.054443359375,8.138020833333333e-05,0.000244140625,train/paper/augv9_paper_train_original_014.jpg,paper,0.02272772789001465,train/paper/augv9_paper_train_original_014.jpg,0.02272772789001465,False
data/images/4af49b0a-12ac-4966-8b08-b6b74194a8e6.jpg,dc1c478d32ea0a44999805751383b9160b41bc5d18b5fd3478711d5875f6ed00,UNKNOWN,NOT_EVALUATED,True,paper,paper,0.99609375,organic,0.558594,False,2026-08-11T13:12:56.621430Z,383143,tinycnn-v9-balanced-esp-contract,exact_train_file,0.99609375,0.0,0.0,123.90869140625,39.712764218918004,45.869791666666664,223.7216339111328,0.045166015625,0.008382161458333334,0.008870442708333334,train/paper/augv9_paper_train_original_033.jpg,paper,1.1920928955078125e-07,train/paper/augv9_paper_train_original_033.jpg,1.1920928955078125e-07,False
data/images/4c11fec1-f14d-498d-9fbd-c48bebd39757.jpg,ed55e5d89599321663e63f65f3cdec0ee6e5049c63e966728df422ef1b30f174,UNKNOWN,NOT_EVALUATED,True,paper,paper,0.99609375,plastic,0.474708,False,2026-08-11T14:33:43.519068Z,382540,tinycnn-v9-balanced-esp-contract,exact_train_file,0.99609375,0.0,0.0,143.18131510416666,47.200562166603675,24.999837239583332,217.81402587890625,0.048014322916666664,0.008056640625,0.08585611979166667,train/paper/augv9_paper_train_original_035.jpg,paper,0.0,train/paper/augv9_paper_train_original_035.jpg,0.0,False
data/images/4c666949-5100-4daa-b2a9-1dc741c1a1ca.jpg,194d91233127cd21bce8ee72e93b7634cb679f1f42ceebb3d1f32070cbb452e0,UNKNOWN,NOT_EVALUATED,False,organic,organic,0.62109375,paper,0.832031,False,2026-08-11T12:44:20.667619Z,383116,tinycnn-v9-balanced-esp-contract,unseen,0.0,0.375,0.62109375,134.17317708333334,31.12165764868534,39.620279947916664,206.9881134033203,0.03857421875,0.0,0.021321614583333332,train/organic/organic_train_original_006.jpg,organic,0.12183904647827148,train/organic/organic_train_original_006.jpg,0.12183904647827148,True
data/images/50a368bf-5edc-49f0-88b4-eaed0317a404.jpg,af7ec442c418a182793e5fb93a37500a8c26b6f60f25b45b604a66f57a9621da,UNKNOWN,NOT_EVALUATED,True,paper,paper,0.98046875,organic,0.558594,False,2026-08-11T14:33:31.300706Z,383021,tinycnn-v9-balanced-esp-contract,exact_train_file,0.98046875,0.015625,0.00390625,140.91650390625,45.61346202301734,23.614013671875,187.1897735595703,0.042317708333333336,0.013590494791666666,0.06534830729166667,train/paper/augv9_paper_train_original_036.jpg,paper,0.0,train/paper/augv9_paper_train_original_036.jpg,0.0,False
data/images/51d01d35-9910-443b-bfe3-df075fc920fc.jpg,094a38190d41f4373d9b6f13b7aa2dc7fc1c672856235f042a6c5d33c3a08e37,UNKNOWN,NOT_EVALUATED,True,paper,paper,0.99609375,plastic,0.546875,False,2026-08-11T13:44:37.591963Z,382135,tinycnn-v9-balanced-esp-contract,exact_train_file,0.99609375,0.00390625,0.0,135.06892903645834,48.24937477424595,22.456705729166668,181.4759979248047,0.039469401041666664,0.03564453125,0.045166015625,train/paper/augv9_paper_train_original_037.jpg,paper,1.7881393432617188e-07,train/paper/augv9_paper_train_original_037.jpg,1.7881393432617188e-07,False
data/images/5d7b84e1-7787-4663-a9af-5ed3b576538a.jpg,a34893fd693bee519c2c33106961d31fae2dbf754bd615116a404136109510f3,UNKNOWN,NOT_EVALUATED,True,plastic,plastic,0.99609375,paper,0.678431,False,2026-08-08T08:30:38.531183Z,383116,tinycnn-v9-balanced-esp-contract,exact_train_file,0.0,0.99609375,0.00390625,133.66373697916666,38.840199289224216,23.395426432291668,469.8924865722656,0.084716796875,0.0015462239583333333,0.047281901041666664,train/plastic/augv9_plastic_train_original_008.jpg,plastic,0.0,train/plastic/augv9_plastic_train_original_008.jpg,0.0,False
data/images/5e349e49-7a01-4c6d-b027-0d815dfe4bae.jpg,1f324689ae093c8c71e317b8515ceaad24b2bcd009bddf4aaaa3363cef79c959,UNKNOWN,NOT_EVALUATED,False,paper,plastic,0.37109375,paper,0.503906,False,2026-08-08T08:52:23.976936Z,383091,tinycnn-v9-balanced-esp-contract,unseen,0.2890625,0.37109375,0.33984375,130.276611328125,33.95820567871549,22.152018229166668,220.5143585205078,0.020833333333333332,0.0048828125,0.000244140625,train/paper/augv9_paper_train_original_008.jpg,paper,0.17359817028045654,train/plastic/augv9_plastic_train_original_014.jpg,0.23094379901885986,True
data/images/5f96feed-cbbe-4406-b75c-f77f62db432a.jpg,23add34f07a812a0005054b82514624b49e2bb2d3d20b7399b578d4e4a84158b,UNKNOWN,NOT_EVALUATED,True,paper,paper,0.99609375,organic,0.816406,False,2026-08-11T13:56:40.288332Z,385419,tinycnn-v9-balanced-esp-contract,exact_train_file,0.99609375,0.0,0.0,118.373779296875,40.460456268548214,38.090657552083336,190.04998779296875,0.019205729166666668,0.02490234375,8.138020833333333e-05,train/paper/augv9_paper_train_original_041.jpg,paper,2.384185791015625e-07,train/paper/augv9_paper_train_original_041.jpg,2.384185791015625e-07,False
data/images/61ebaa35-9755-4adb-8d93-ee7376fa563f.jpg,d2573d32a4ef633d0217d97047c58974d5c7c0c3321eb38f9864c8b78ade108c,UNKNOWN,NOT_EVALUATED,True,paper,paper,0.99609375,organic,0.820312,False,2026-08-11T13:02:40.156465Z,382014,tinycnn-v9-balanced-esp-contract,exact_train_file,0.99609375,0.0,0.0,136.08162434895834,55.32023039993702,30.401285807291668,220.2220001220703,0.035807291666666664,0.033772786458333336,0.1279296875,train/paper/augv9_paper_train_original_042.jpg,paper,-1.1920928955078125e-07,train/paper/augv9_paper_train_original_042.jpg,-1.1920928955078125e-07,False
data/images/668f9264-126c-424d-b1df-5589d6933537.jpg,f2c90cd8949e68da798ee2e6653a0f3e24d281506b2f151557a8aebd56c313a2,UNKNOWN,NOT_EVALUATED,False,paper,paper,0.55859375,plastic,0.675781,False,2026-08-11T12:55:08.469032Z,382996,tinycnn-v9-balanced-esp-contract,unseen,0.55859375,0.43359375,0.00390625,147.19694010416666,41.49095248090183,27.559407552083332,336.57745361328125,0.061686197916666664,0.0,0.098388671875,train/paper/augv9_paper_train_original_076.jpg,paper,0.08787846565246582,train/paper/augv9_paper_train_original_076.jpg,0.08787846565246582,True
data/images/6797fa38-6af4-49d7-a26d-7a0d0b1a7ada.jpg,805704be80c896fb36dc3b4b4b9461ead7fe271808228152550774d73443817b,UNKNOWN,NOT_EVALUATED,True,paper,paper,0.953125,plastic,0.640625,False,2026-08-11T13:37:14.916406Z,383082,tinycnn-v9-balanced-esp-contract,exact_train_file,0.953125,0.03515625,0.01171875,131.791015625,43.49293462149156,21.285807291666668,134.00205993652344,0.022623697916666668,0.029296875,0.00439453125,train/paper/augv9_paper_train_original_044.jpg,paper,0.0,train/paper/augv9_paper_train_original_044.jpg,0.0,False
data/images/67ed92a8-84f6-481f-8947-7d968954ba28.jpg,3d6bc1204211e99c5fd7c4c581581694d91e2e2bccb77075ed2318bf9f84ade3,UNKNOWN,NOT_EVALUATED,False,paper,paper,0.91015625,organic,0.949219,False,2026-08-11T13:56:14.284134Z,383475,tinycnn-v9-balanced-esp-contract,unseen,0.91015625,0.00390625,0.0859375,127.30419921875,45.786666793559874,40.174723307291664,249.70237731933594,0.056559244791666664,0.044189453125,0.0008138020833333334,train/paper/augv9_paper_train_original_091.jpg,paper,0.04835087060928345,train/paper/augv9_paper_train_original_091.jpg,0.04835087060928345,True
data/images/68a1c345-6540-4b93-a842-5a95aa252f91.jpg,79340b20cdfc481256b498527f762161f6c93303c6f603c42bc8df12e4af2a81,UNKNOWN,NOT_EVALUATED,True,plastic,plastic,0.99609375,organic,0.433594,False,2026-08-08T08:30:16.212709Z,383055,tinycnn-v9-balanced-esp-contract,exact_train_file,0.0,0.99609375,0.0,132.96419270833334,35.663975213008904,19.425455729166668,326.25518798828125,0.046061197916666664,0.009847005208333334,0.0010579427083333333,train/plastic/augv9_plastic_train_original_009.jpg,plastic,1.1920928955078125e-07,train/plastic/augv9_plastic_train_original_009.jpg,1.1920928955078125e-07,False
data/images/6a300772-f7c2-4905-a435-fbda86b5e7df.jpg,dbec3f1965b404ebc8760d35051051f9444269f00a3026b99f9f9849a11e3c68,UNKNOWN,NOT_EVALUATED,True,paper,paper,0.6796875,plastic,0.558594,False,2026-08-11T14:22:46.266691Z,382400,tinycnn-v9-balanced-esp-contract,heldout_validation,0.6796875,0.3203125,0.0,134.00919596354166,36.1095699016359,25.396809895833332,283.0689392089844,0.06437174479166667,0.004801432291666667,0.0146484375,train/paper/augv9_paper_train_original_064.jpg,paper,0.06450998783111572,train/paper/augv9_paper_train_original_064.jpg,0.06450998783111572,True
data/images/6aa83614-a438-45fd-9ca8-ec4e346a6839.jpg,d783d6469d3876b1d032a4cf5e3d06e6bd020d7111bd733da09576fa4e13c58a,UNKNOWN,NOT_EVALUATED,True,plastic,plastic,0.99609375,paper,0.753906,False,2026-08-08T08:56:58.667628Z,383002,tinycnn-v9-balanced-esp-contract,exact_train_file,0.0,0.99609375,0.0,121.032470703125,34.496032243945294,32.875732421875,119.2490463256836,0.022705078125,0.016682942708333332,0.0,train/plastic/augv9_plastic_train_original_010.jpg,plastic,0.0,train/plastic/augv9_plastic_train_original_010.jpg,0.0,False
data/images/6b567f18-8076-4c0b-93ff-3cfb6df5e258.jpg,9de96f62630d6026ed7635ffd7759039d5df69cd01eb99c98190d1921758054b,UNKNOWN,NOT_EVALUATED,True,paper,paper,0.99609375,plastic,0.835938,False,2026-08-11T13:07:58.096017Z,382005,tinycnn-v9-balanced-esp-contract,exact_train_file,0.99609375,0.0,0.0,126.18953450520833,39.76514465793036,42.942545572916664,203.87733459472656,0.07137044270833333,0.023030598958333332,0.0078125,train/paper/augv9_paper_train_original_047.jpg,paper,5.960464477539063e-08,train/paper/augv9_paper_train_original_047.jpg,5.960464477539063e-08,False
data/images/6eb401c5-ed18-4be3-91c1-b153fef1b4c6.jpg,39e25fd1eb1109f60bbce6de8a8c195c3eb58debdaa8329531bd99939abbbe87,UNKNOWN,NOT_EVALUATED,True,paper,paper,0.99609375,plastic,0.871094,False,2026-08-11T13:30:41.672761Z,383781,tinycnn-v9-balanced-esp-contract,exact_train_file,0.99609375,0.0,0.0,126.89933268229167,41.90351803576207,23.407633463541668,181.2253875732422,0.04541015625,0.0322265625,8.138020833333333e-05,train/paper/augv9_paper_train_original_048.jpg,paper,0.0,train/paper/augv9_paper_train_original_048.jpg,0.0,False
data/images/6f1441cc-933b-4c05-821b-2edc26351c1e.jpg,1d52a22862bcd3c1190a8e58b61fd976c924ddeeefff1cb7ce0cf403d20eb1ea,UNKNOWN,NOT_EVALUATED,True,plastic,plastic,0.99609375,paper,0.671875,False,2026-08-08T08:29:31.025667Z,383075,tinycnn-v9-balanced-esp-contract,exact_train_file,0.0,0.99609375,0.0,135.20125325520834,35.32820597060126,15.857177734375,278.5041809082031,0.038004557291666664,0.005696614583333333,0.016927083333333332,train/plastic/augv9_plastic_train_original_012.jpg,plastic,1.1920928955078125e-07,train/plastic/augv9_plastic_train_original_012.jpg,1.1920928955078125e-07,False
data/images/722be92c-71f3-45bb-baad-66066fbd45b7.jpg,1f3ebd8e116c266486daef4a35a15fc2eb8ef70c6246f775d7f900ddc79b1149,UNKNOWN,NOT_EVALUATED,False,paper,paper,0.71875,plastic,0.910156,False,2026-08-11T13:44:52.122042Z,383057,tinycnn-v9-balanced-esp-contract,unseen,0.71875,0.265625,0.015625,121.75423177083333,41.853869610383086,25.153971354166668,193.5516357421875,0.053466796875,0.044596354166666664,0.0,train/paper/augv9_paper_train_original_068.jpg,paper,0.05014467239379883,train/paper/augv9_paper_train_original_068.jpg,0.05014467239379883,True
data/images/759d3cbb-dfc3-470a-b9da-641f7c5b328a.jpg,17e043c613f0f4c3d89ced8b3c3ac83ffb94c76e0b2bde8cfee5b7a9bc39beae,UNKNOWN,NOT_EVALUATED,True,paper,paper,0.98828125,plastic,0.628906,False,2026-08-11T13:07:04.090012Z,383146,tinycnn-v9-balanced-esp-contract,exact_train_file,0.98828125,0.01171875,0.0,130.09969075520834,34.457834474545855,24.345947265625,162.8522491455078,0.02685546875,0.01953125,8.138020833333333e-05,train/paper/augv9_paper_train_original_051.jpg,paper,1.1920928955078125e-07,train/paper/augv9_paper_train_original_051.jpg,1.1920928955078125e-07,False
data/images/773e34c7-0ff2-4dba-affa-d26313a6250e.jpg,354d39d92ee94a57a9ee7b630d2b3c4a4053e4020fda3c88334b82dba6d4da85,UNKNOWN,NOT_EVALUATED,True,paper,paper,0.99609375,organic,0.632812,False,2026-08-11T13:03:33.712866Z,383203,tinycnn-v9-balanced-esp-contract,exact_train_file,0.99609375,0.0,0.0,117.314697265625,55.970616990364235,42.612223307291664,343.8863830566406,0.054443359375,0.11295572916666667,0.06599934895833333,train/paper/augv9_paper_train_original_052.jpg,paper,5.960464477539063e-08,train/paper/augv9_paper_train_original_052.jpg,5.960464477539063e-08,False
data/images/78764399-aa01-4a12-97b0-1043e905548d.jpg,1588063615b06fc135ae9f6d90a530a2895fcf6f7491545888a6d12c129afe19,UNKNOWN,NOT_EVALUATED,True,paper,paper,0.99609375,plastic,0.964844,False,2026-08-11T12:52:36.997013Z,382449,tinycnn-v9-balanced-esp-contract,exact_train_file,0.99609375,0.0,0.0,127.00301106770833,48.71882256966086,29.947102864583332,135.7084503173828,0.010416666666666666,0.056722005208333336,0.019368489583333332,train/paper/augv9_paper_train_original_053.jpg,paper,-1.1920928955078125e-07,train/paper/augv9_paper_train_original_053.jpg,-1.1920928955078125e-07,False
data/images/7a3256cc-dde3-46c6-a975-88897ae6d98e.jpg,96e11789903a2fa2b34a9873aea14040435ad01f1cfea83879b8eb9ad1bee7e5,UNKNOWN,NOT_EVALUATED,True,paper,paper,0.99609375,plastic,0.470817,False,2026-08-11T12:57:56.889166Z,383524,tinycnn-v9-balanced-esp-contract,exact_train_file,0.99609375,0.0,0.0,117.80989583333333,52.52676177772368,29.313720703125,138.83840942382812,0.012939453125,0.111083984375,0.02490234375,train/paper/augv9_paper_train_original_054.jpg,paper,0.0,train/paper/augv9_paper_train_original_054.jpg,0.0,False
data/images/7a629096-8f2d-414c-8ea7-1e18fcbeb59c.jpg,58d748350c7325680afe8e6a4db71f3fc51c10b6f92a05e639bf00dc76cb348e,UNKNOWN,NOT_EVALUATED,True,plastic,plastic,0.99609375,paper,0.546875,False,2026-08-11T14:01:39.663912Z,383062,tinycnn-v9-balanced-esp-contract,exact_train_file,0.00390625,0.99609375,0.0,126.660888671875,37.334378098641814,23.482828776041668,217.3103790283203,0.044514973958333336,0.018880208333333332,0.011800130208333334,train/plastic/augv9_plastic_train_original_015.jpg,plastic,0.0,train/plastic/augv9_plastic_train_original_015.jpg,0.0,False
data/images/7bcf7160-1cd3-479e-86d9-c59be58b8160.jpg,6910095f413fb73cf7b4d0de4cd35ef623903b09b569aeea1622d0c56739e3af,UNKNOWN,NOT_EVALUATED,False,paper,paper,0.99609375,plastic,0.917969,False,2026-08-11T13:28:19.741433Z,383055,tinycnn-v9-balanced-esp-contract,unseen,0.99609375,0.0,0.0,122.700927734375,49.534964625943516,25.5078125,230.71868896484375,0.061848958333333336,0.052978515625,0.042154947916666664,train/paper/augv9_paper_train_original_110.jpg,paper,0.010701119899749756,train/paper/augv9_paper_train_original_110.jpg,0.010701119899749756,False
data/images/7be06600-0fbb-4b17-8aeb-dcd034dc0868.jpg,c8054641bce6620e45ad59b541c2dd8686ca6b0ebda2791e770939f77b08d4ba,UNKNOWN,NOT_EVALUATED,True,paper,paper,0.99609375,organic,0.433594,False,2026-08-11T12:54:56.941981Z,392541,tinycnn-v9-balanced-esp-contract,exact_train_file,0.99609375,0.0,0.0,127.04939778645833,51.265501193230016,34.690592447916664,172.1376495361328,0.026936848958333332,0.051920572916666664,0.06884765625,train/paper/augv9_paper_train_original_055.jpg,paper,5.960464477539063e-08,train/paper/augv9_paper_train_original_055.jpg,5.960464477539063e-08,False
data/images/7e6a3c04-9698-4b46-9900-ae538812c20f.jpg,510a4d05479a9ac38df03e482877a3bca1cbdf1b0b3e0984aee6e4782e4a058c,UNKNOWN,NOT_EVALUATED,True,paper,paper,0.99609375,organic,0.992188,False,2026-08-11T13:16:54.522368Z,383394,tinycnn-v9-balanced-esp-contract,exact_train_file,0.99609375,0.0,0.00390625,124.30818684895833,56.6073141246128,43.979899088541664,367.88525390625,0.08626302083333333,0.09684244791666667,0.08610026041666667,train/paper/augv9_paper_train_original_057.jpg,paper,0.0,train/paper/augv9_paper_train_original_057.jpg,0.0,False
data/images/7fbb9fe7-63df-4ebc-a4b3-2426cf548899.jpg,e4a3ee89ad8bcec7eadeac2cc76a2e43f83490601c8e454bb7ab8465e60a85eb,UNKNOWN,NOT_EVALUATED,True,paper,paper,0.99609375,plastic,0.505837,False,2026-08-11T13:57:50.311923Z,383058,tinycnn-v9-balanced-esp-contract,exact_train_file,0.99609375,0.0,0.0,132.77156575520834,36.21573428211392,36.989339192708336,157.35691833496094,0.02734375,0.0004069010416666667,0.0026041666666666665,train/paper/augv9_paper_train_original_058.jpg,paper,0.0,train/paper/augv9_paper_train_original_058.jpg,0.0,False
data/images/83d1d81b-af4e-4edd-873c-899e3ff3a910.jpg,9fe1f5214ca8af80b71ccfc4717a4f9b7554d0fb924d95fdb034cd011feab5fb,UNKNOWN,NOT_EVALUATED,True,paper,paper,0.6640625,organic,0.894531,False,2026-08-11T12:50:03.969111Z,383006,tinycnn-v9-balanced-esp-contract,heldout_validation,0.6640625,0.17578125,0.16015625,123.91805013020833,46.96421066138519,36.828125,203.2196807861328,0.029459635416666668,0.029947916666666668,0.032796223958333336,train/paper/augv9_paper_train_original_008.jpg,paper,0.07948344945907593,train/paper/augv9_paper_train_original_008.jpg,0.07948344945907593,True
data/images/84deb629-fad4-4945-abe6-cac9dcf726cc.jpg,962725e09652614943d3ef976886e4823934a0a7b4d3e8ce232ea0cd5b0a34cf,UNKNOWN,NOT_EVALUATED,True,paper,paper,0.99609375,organic,0.800781,False,2026-08-11T14:07:47.631438Z,383140,tinycnn-v9-balanced-esp-contract,exact_train_file,0.99609375,0.0,0.0,116.94864908854167,56.15771408020541,29.875651041666668,3901.725341796875,0.15006510416666666,0.13395182291666666,0.010579427083333334,train/paper/augv9_paper_train_original_059.jpg,paper,0.0,train/paper/augv9_paper_train_original_059.jpg,0.0,False
data/images/85dd1ad5-d54d-4ebf-95f1-bcb893d92e2d.jpg,3e6325ba85d924945e04614d276e1ec2b5021874b86ac01952992a83268908af,UNKNOWN,NOT_EVALUATED,True,paper,paper,0.99609375,organic,0.847059,False,2026-08-11T13:12:26.462208Z,383160,tinycnn-v9-balanced-esp-contract,heldout_test,0.99609375,0.0,0.0,120.078125,53.09740781617192,39.528076171875,223.60784912109375,0.029947916666666668,0.07853190104166667,0.033854166666666664,train/paper/augv9_paper_train_original_121.jpg,paper,0.0088728666305542,train/paper/augv9_paper_train_original_121.jpg,0.0088728666305542,False
data/images/8641afbf-7b01-4fff-8666-9efb81b55e13.jpg,4cd1b50d515c28b1c0724454627aa03f1a7b1a7c637a1f697de1faf7862eb464,UNKNOWN,NOT_EVALUATED,True,paper,paper,0.99609375,plastic,0.769531,False,2026-08-11T12:43:05.696537Z,382173,tinycnn-v9-balanced-esp-contract,exact_train_file,0.99609375,0.0,0.0,130.09041341145834,44.83721692275927,26.788492838541668,155.40545654296875,0.030843098958333332,0.011149088541666666,0.040201822916666664,train/paper/augv9_paper_train_original_060.jpg,paper,1.1920928955078125e-07,train/paper/augv9_paper_train_original_060.jpg,1.1920928955078125e-07,False
data/images/8686cc84-b144-470d-bf9c-672b674e9a20.jpg,4895e9b68419e22e3e704a61277add470367b91d5e2ac958df2eecc3ab5dbdde,UNKNOWN,NOT_EVALUATED,True,paper,paper,0.99609375,organic,0.571984,False,2026-08-11T12:56:58.559778Z,383182,tinycnn-v9-balanced-esp-contract,exact_train_file,0.99609375,0.0,0.0,120.14241536458333,54.39483651964906,34.499348958333336,234.8553924560547,0.033040364583333336,0.09733072916666667,0.05859375,train/paper/augv9_paper_train_original_061.jpg,paper,0.0,train/paper/augv9_paper_train_original_061.jpg,0.0,False
data/images/8f7550ca-cae9-4092-b417-569d4999f00a.jpg,ee10766243c3902c00ef48530a01c0142e6cacbf4731dbf7b0b56cde61d5073f,UNKNOWN,NOT_EVALUATED,False,paper,paper,0.98828125,plastic,0.703125,False,2026-08-11T13:27:25.013697Z,383084,tinycnn-v9-balanced-esp-contract,unseen,0.98828125,0.00390625,0.0078125,126.17919921875,43.18940823852726,21.80615234375,167.9849090576172,0.029622395833333332,0.034830729166666664,0.0003255208333333333,train/paper/augv9_paper_train_original_089.jpg,paper,0.017816543579101562,train/paper/augv9_paper_train_original_089.jpg,0.017816543579101562,False
data/images/8fa7c32f-9e9b-4354-a0d4-4a8b9f2d1ebc.jpg,61bcab59a6c3a74c01f29b2f4423f38f47fa44728368d843c575c28ab10145bb,UNKNOWN,NOT_EVALUATED,False,plastic,plastic,0.9609375,organic,0.539062,False,2026-08-11T14:25:12.752640Z,382121,tinycnn-v9-balanced-esp-contract,unseen,0.0078125,0.9609375,0.02734375,149.25382486979166,45.49807842088243,18.01416015625,164.22068786621094,0.025390625,0.0028483072916666665,0.10758463541666667,train/plastic/augv9_plastic_train_original_010.jpg,plastic,0.05434525012969971,train/plastic/augv9_plastic_train_original_010.jpg,0.05434525012969971,True
data/images/9184b7f9-df02-436d-ba3d-50cf44f369ac.jpg,5962d1ff1172fa4ea379eb4a39b9b64a9a0ca9464fd0aeba2fdb447f02b619ed,UNKNOWN,NOT_EVALUATED,True,plastic,plastic,0.99609375,organic,0.640625,False,2026-08-08T08:45:07.133844Z,383133,tinycnn-v9-balanced-esp-contract,exact_train_file,0.0,0.99609375,0.00390625,130.95426432291666,35.31508136830389,19.632080078125,436.7514953613281,0.06941731770833333,0.012044270833333334,0.02001953125,train/plastic/augv9_plastic_train_original_016.jpg,plastic,5.960464477539063e-08,train/plastic/augv9_plastic_train_original_016.jpg,5.960464477539063e-08,False
data/images/9367b7f0-bf66-4487-8fec-22ae681fb1d5.jpg,fb332445f055cfeb395a3a31a3ad4a354f8df5c0d61abdff8e3cdd069f738bdc,UNKNOWN,NOT_EVALUATED,True,paper,paper,0.98828125,plastic,0.59375,False,2026-08-11T12:53:44.806367Z,383060,tinycnn-v9-balanced-esp-contract,exact_train_file,0.98828125,0.01171875,0.00390625,125.11881510416667,32.856493981755044,34.895914713541664,230.8850860595703,0.043619791666666664,0.006591796875,0.0,train/paper/augv9_paper_train_original_065.jpg,paper,0.0,train/paper/augv9_paper_train_original_065.jpg,0.0,False
data/images/940300ac-7bef-4874-9565-9ed7d0fdd807.jpg,040e13854b7a31804f22b0c71c9a522daf7095958b9b23563ba1878bc854c148,UNKNOWN,NOT_EVALUATED,True,plastic,plastic,0.99609375,paper,0.808594,False,2026-08-11T13:13:39.285113Z,383161,tinycnn-v9-balanced-esp-contract,heldout_test,0.00390625,0.99609375,0.0,127.24519856770833,30.360553374899183,21.917887369791668,276.3020935058594,0.030843098958333332,0.0010579427083333333,0.0015462239583333333,train/plastic/augv9_plastic_train_original_003.jpg,plastic,0.01525890827178955,train/plastic/augv9_plastic_train_original_003.jpg,0.01525890827178955,False
data/images/94eaafef-ab2a-48d4-a87b-586f5b9e9b10.jpg,c401906f7aab7a4da38486811df4459010b99315309637665839a8bd5a3f90af,UNKNOWN,NOT_EVALUATED,False,paper,paper,0.94140625,organic,0.851562,False,2026-08-11T12:38:28.584778Z,382569,tinycnn-v9-balanced-esp-contract,unseen,0.94140625,0.0,0.05859375,134.22037760416666,27.67213999944858,43.51513671875,241.15765380859375,0.08805338541666667,0.0,0.015218098958333334,train/paper/augv9_paper_train_original_012.jpg,paper,0.07877260446548462,train/paper/augv9_paper_train_original_012.jpg,0.07877260446548462,True
data/images/9546e9bc-eb33-49b4-9737-da1266c4f130.jpg,fc50badec0b04d7b54dd872165c7b0608b22ab4ac86f0368ecc5fcd6e74c79f9,UNKNOWN,NOT_EVALUATED,False,plastic,plastic,0.78515625,organic,0.734375,False,2026-08-08T07:46:31.030060Z,380474,tinycnn-v9-balanced-esp-contract,unseen,0.0078125,0.78515625,0.20703125,113.816650390625,61.822547154713575,28.5673828125,702.892578125,0.046061197916666664,0.20662434895833334,0.07340494791666667,train/plastic/augv9_plastic_train_original_010.jpg,plastic,0.11104834079742432,train/plastic/augv9_plastic_train_original_010.jpg,0.11104834079742432,True
data/images/99be9226-a986-4a1b-a68c-4faa0d476a0e.jpg,8150610c16975312b46c74ccc8262a16c5ce4bfd2f4705767ddeb73aefb59ad7,UNKNOWN,NOT_EVALUATED,True,paper,paper,0.99609375,plastic,0.382812,False,2026-08-11T13:58:56.844756Z,383033,tinycnn-v9-balanced-esp-contract,exact_train_file,0.99609375,0.0,0.0,144.26383463541666,45.152795650848,31.791015625,770.1979370117188,0.06648763020833333,0.015869140625,0.06355794270833333,train/paper/augv9_paper_train_original_067.jpg,paper,0.0,train/paper/augv9_paper_train_original_067.jpg,0.0,False
data/images/9aacf7c8-789a-4f9e-ae6c-d60aaccc9f60.jpg,dda76e7c996631e1381d7d936d436a9b375bba2972ab651b97f08ad54c2b35dd,UNKNOWN,NOT_EVALUATED,True,plastic,plastic,0.97265625,paper,0.474708,False,2026-08-11T14:16:42.974933Z,382451,tinycnn-v9-balanced-esp-contract,heldout_validation,0.0234375,0.97265625,0.00390625,134.58577473958334,35.69331397090076,23.589518229166668,269.0741882324219,0.10050455729166667,0.010904947916666666,0.013997395833333334,train/plastic/augv9_plastic_train_original_014.jpg,plastic,0.04018449783325195,train/plastic/augv9_plastic_train_original_014.jpg,0.04018449783325195,True
data/images/9be5a8d8-61db-4ac1-bcdc-d8d146f806ed.jpg,405a56f45feeab72865884c7fa9baf495ac795b5b7f559da4bfac3827e892a30,UNKNOWN,NOT_EVALUATED,True,paper,paper,0.9765625,plastic,0.871094,False,2026-08-08T08:27:26.630025Z,383265,tinycnn-v9-balanced-esp-contract,exact_train_file,0.9765625,0.0234375,0.00390625,138.99137369791666,40.45209105075508,17.82421875,330.15185546875,0.046223958333333336,0.018636067708333332,0.042887369791666664,train/paper/augv9_paper_train_original_068.jpg,paper,0.0,train/paper/augv9_paper_train_original_068.jpg,0.0,False
data/images/9c43d53d-6e50-4f02-9c08-cf2342898dc0.jpg,f0433c536c21f609855af413d3e9074788d1e166bd28a7cbd99492c87fa9506d,UNKNOWN,NOT_EVALUATED,True,paper,paper,0.99609375,plastic,0.507812,False,2026-08-11T13:10:48.492641Z,383281,tinycnn-v9-balanced-esp-contract,exact_train_file,0.99609375,0.00390625,0.0,130.88671875,32.477241020220326,21.471435546875,124.45305633544922,0.031982421875,0.0030110677083333335,0.0,train/paper/augv9_paper_train_original_069.jpg,paper,5.960464477539063e-08,train/paper/augv9_paper_train_original_069.jpg,5.960464477539063e-08,False
data/images/9d205c38-ac1a-4fb1-8113-ae94ac91dccf.jpg,bdf2d1cb3f81ec39791e46eb3125ce2a9deb4b2852dcabd7b06e4f77802e5521,UNKNOWN,NOT_EVALUATED,True,paper,paper,0.98828125,plastic,0.886719,False,2026-08-11T13:46:55.007229Z,383134,tinycnn-v9-balanced-esp-contract,exact_train_file,0.98828125,0.01171875,0.0,97.87605794270833,24.366588820272444,27.204996744791668,104.49627685546875,0.0126953125,0.020670572916666668,0.0,train/paper/augv9_paper_train_original_070.jpg,paper,5.960464477539063e-08,train/paper/augv9_paper_train_original_070.jpg,5.960464477539063e-08,False
data/images/9dd293f2-aa62-4ab7-a626-8e43249a4460.jpg,c0d5de876d39e790eb1d49a0a55fb299255018248e72966ba2c679c4a157547f,UNKNOWN,NOT_EVALUATED,False,plastic,plastic,0.75390625,paper,0.496094,False,2026-08-08T08:22:07.357075Z,383053,tinycnn-v9-balanced-esp-contract,unseen,0.234375,0.75390625,0.01171875,128.28043619791666,36.631429435199244,20.670328776041668,671.48876953125,0.052897135416666664,0.019612630208333332,0.00439453125,train/plastic/augv9_plastic_train_original_014.jpg,plastic,0.10392308235168457,train/plastic/augv9_plastic_train_original_014.jpg,0.10392308235168457,True
data/images/a1259918-a359-49bd-851a-d3bfb821a634.jpg,55acfa2b24a8cb843ac613c36be8d46eb9d6c2d79788551a5cae1c2c2b3f588e,UNKNOWN,NOT_EVALUATED,True,paper,paper,0.98828125,plastic,0.582031,False,2026-08-11T13:33:47.850948Z,383169,tinycnn-v9-balanced-esp-contract,exact_train_file,0.98828125,0.00390625,0.0078125,126.95930989583333,43.036586277002996,21.839274088541668,157.51632690429688,0.028971354166666668,0.03125,0.0,train/paper/augv9_paper_train_original_071.jpg,paper,5.960464477539063e-08,train/paper/augv9_paper_train_original_071.jpg,5.960464477539063e-08,False
data/images/a21d2a52-81d7-4884-8534-7ae17ed4149f.jpg,9aafc679f1244c652f8bde050732a6240c486fa29dbd825e1347292078e2b1f7,UNKNOWN,NOT_EVALUATED,True,paper,paper,0.99609375,plastic,0.890625,False,2026-08-08T08:26:23.655951Z,383141,tinycnn-v9-balanced-esp-contract,exact_train_file,0.99609375,0.0,0.0,128.03352864583334,28.358154223894026,33.049723307291664,299.15802001953125,0.050862630208333336,0.0,8.138020833333333e-05,train/paper/augv9_paper_train_original_072.jpg,paper,5.960464477539063e-08,train/paper/augv9_paper_train_original_072.jpg,5.960464477539063e-08,False
data/images/a2689a4d-962d-42b5-9670-55d0ba320460.jpg,63e1cf2257d0b80a0e9d906a64706629dd6b6e1322257d9d853cbede36243a38,UNKNOWN,NOT_EVALUATED,False,paper,paper,0.98828125,plastic,0.683594,False,2026-08-11T14:25:48.139631Z,383166,tinycnn-v9-balanced-esp-contract,unseen,0.98828125,0.00390625,0.0078125,127.068115234375,39.96464500717129,25.812093098958332,148.0513458251953,0.020182291666666668,0.017578125,0.0,train/paper/augv9_paper_train_original_004.jpg,paper,0.02155780792236328,train/paper/augv9_paper_train_original_004.jpg,0.02155780792236328,False
data/images/a31abf1a-1ba2-4e7f-8df4-23564c4bf558.jpg,2dd50120fe67dd11a1cd2fdf775cf289d67be2f31f2715cce765841e712aa4a5,UNKNOWN,NOT_EVALUATED,True,paper,paper,0.99609375,plastic,0.875,False,2026-08-11T12:52:20.298604Z,382819,tinycnn-v9-balanced-esp-contract,exact_train_file,0.99609375,0.0,0.0,125.09464518229167,48.227937907020525,30.917236328125,133.30166625976562,0.023681640625,0.048665364583333336,0.027587890625,train/paper/augv9_paper_train_original_073.jpg,paper,-1.1920928955078125e-07,train/paper/augv9_paper_train_original_073.jpg,-1.1920928955078125e-07,False
data/images/a396b78c-dc8e-4ed1-a2af-1579291d8444.jpg,c0547757e7bc66272504c2ed44174bc7b38d1bbcdb92e22edc8b895f1e4b487c,UNKNOWN,NOT_EVALUATED,False,paper,paper,0.5,plastic,0.484375,False,2026-08-11T14:02:23.993037Z,383296,tinycnn-v9-balanced-esp-contract,unseen,0.5,0.328125,0.16796875,125.12532552083333,40.97413576057862,23.364501953125,147.83914184570312,0.017415364583333332,0.035237630208333336,0.0,train/paper/augv9_paper_train_original_044.jpg,paper,0.11212581396102905,train/paper/augv9_paper_train_original_044.jpg,0.11212581396102905,True
data/images/a59c2028-effa-4308-8b86-5b38c8a2afa6.jpg,396b4581cba8e636daa403be7697c6e422c3666ac15ade84da5fbd1c8f59ba2f,UNKNOWN,NOT_EVALUATED,True,paper,paper,0.97265625,organic,0.623529,False,2026-08-11T13:45:07.534834Z,383087,tinycnn-v9-balanced-esp-contract,exact_train_file,0.97265625,0.01171875,0.015625,146.72420247395834,47.556311127360765,22.141194661458332,199.4553985595703,0.044352213541666664,0.013916015625,0.07210286458333333,train/paper/augv9_paper_train_original_074.jpg,paper,5.960464477539063e-08,train/paper/augv9_paper_train_original_074.jpg,5.960464477539063e-08,False
data/images/a84bccdb-ecc7-44de-9ab0-408d67f95c56.jpg,fc6ca3e3dc53135b05332b10ae43ea2f65984e9f5a53f9d84773a8d069882bc4,UNKNOWN,NOT_EVALUATED,False,paper,paper,0.9296875,plastic,0.52549,False,2026-08-11T13:28:06.582369Z,383127,tinycnn-v9-balanced-esp-contract,unseen,0.9296875,0.0625,0.00390625,125.27229817708333,39.574442076697984,25.142578125,163.03074645996094,0.04052734375,0.04345703125,0.0,train/paper/augv9_paper_train_original_020.jpg,paper,0.03056514263153076,train/paper/augv9_paper_train_original_020.jpg,0.03056514263153076,False
data/images/aae0dd72-374f-49e8-b09d-3edfa49f99df.jpg,878ab0c7cc9e46162924b0c553e184af059a325a44650ea3ad54ab7cada1670e,UNKNOWN,NOT_EVALUATED,False,paper,paper,0.99609375,plastic,0.789062,False,2026-08-11T12:55:39.262028Z,382456,tinycnn-v9-balanced-esp-contract,unseen,0.99609375,0.0,0.0,123.02473958333333,48.389840867179274,32.529052734375,215.0358123779297,0.04443359375,0.052001953125,0.041015625,train/paper/augv9_paper_train_original_038.jpg,paper,0.009140431880950928,train/paper/augv9_paper_train_original_038.jpg,0.009140431880950928,False
data/images/affa749d-003a-4497-b920-40e3917e6e59.jpg,ec91df9e7ed199841f6e945df92aa65a9cc9b07f9b9ab6e671abba64a623e328,UNKNOWN,NOT_EVALUATED,False,plastic,plastic,0.9296875,paper,0.660156,False,2026-08-08T08:45:42.418329Z,382872,tinycnn-v9-balanced-esp-contract,unseen,0.05859375,0.9296875,0.01171875,136.8662109375,33.2314646836098,20.310872395833332,241.3134307861328,0.051432291666666664,0.004231770833333333,0.0185546875,train/plastic/augv9_plastic_train_original_014.jpg,plastic,0.04272806644439697,train/plastic/augv9_plastic_train_original_014.jpg,0.04272806644439697,True
data/images/b02c7af6-3c13-4a11-84db-a3bd2761ce08.jpg,68d6615d627a2f41de1fa8f87e7c510dab7d798cd04dc007474d3ee254145cda,UNKNOWN,NOT_EVALUATED,True,paper,paper,0.99609375,plastic,0.953125,False,2026-08-11T12:49:30.788576Z,383060,tinycnn-v9-balanced-esp-contract,exact_train_file,0.99609375,0.0,0.0,133.65861002604166,38.64607711596856,38.112141927083336,170.9912567138672,0.022216796875,0.0,0.009928385416666666,train/paper/augv9_paper_train_original_077.jpg,paper,0.0,train/paper/augv9_paper_train_original_077.jpg,0.0,False
data/images/b0fa030b-a9f0-4df8-b236-212c1e8dcaa5.jpg,7b762af51378f9613b70e59d831c8659ed21769bb7f90caafa957cd0a6913fdc,UNKNOWN,NOT_EVALUATED,True,paper,paper,0.99609375,organic,0.859375,False,2026-08-11T13:47:14.612535Z,382099,tinycnn-v9-balanced-esp-contract,exact_train_file,0.99609375,0.00390625,0.00390625,143.17024739583334,48.22752188726591,23.265055338541668,232.989013671875,0.05810546875,0.056233723958333336,0.061767578125,train/paper/augv9_paper_train_original_078.jpg,paper,1.7881393432617188e-07,train/paper/augv9_paper_train_original_078.jpg,1.7881393432617188e-07,False
data/images/b1b548fb-9f6a-4f35-a7ac-7ac3597feea1.jpg,e51b7a4f341239728774c8eb45f004d3d6dc4067d9f67086f47411634da141a6,UNKNOWN,NOT_EVALUATED,False,paper,paper,0.91015625,plastic,0.75,False,2026-08-08T09:00:31.834985Z,383300,tinycnn-v9-balanced-esp-contract,unseen,0.91015625,0.06640625,0.0234375,137.20361328125,31.86753456230361,17.613688151041668,913.95263671875,0.057047526041666664,0.0004069010416666667,0.0026041666666666665,train/paper/augv9_paper_train_original_068.jpg,paper,0.0589900016784668,train/paper/augv9_paper_train_original_068.jpg,0.0589900016784668,True
data/images/b21344fb-0ebd-49f1-8e24-ee2e8e31d7eb.jpg,bdd1669fc54a4bd5d2dfab8337018e4734af51058cf85db34a56fb884063a50a,UNKNOWN,NOT_EVALUATED,False,paper,paper,0.9609375,plastic,0.470817,False,2026-08-11T14:25:35.003374Z,382786,tinycnn-v9-balanced-esp-contract,unseen,0.9609375,0.02734375,0.01171875,148.31005859375,39.71367521503277,24.222900390625,97.86768341064453,0.014404296875,0.00016276041666666666,0.030029296875,train/paper/augv9_paper_train_original_018.jpg,paper,0.03945797681808472,train/paper/augv9_paper_train_original_018.jpg,0.03945797681808472,True
data/images/b22bb84d-1cf7-46ad-b4d0-22cdf10d932d.jpg,44043d8cb9c9a6ecbdad2f9a3ce94c2aad7d4076faa5f69eb449051cf682b54c,UNKNOWN,NOT_EVALUATED,True,paper,paper,0.99609375,plastic,0.988327,False,2026-08-11T12:40:50.157676Z,383195,tinycnn-v9-balanced-esp-contract,exact_train_file,0.99609375,0.0,0.0,127.81583658854167,35.08442227045248,63.906819661458336,278.7024230957031,0.08992513020833333,0.0,0.012858072916666666,train/paper/augv9_paper_train_original_079.jpg,paper,5.960464477539063e-08,train/paper/augv9_paper_train_original_079.jpg,5.960464477539063e-08,False
data/images/b2d6358d-5b99-4e7e-be98-5a3f92c8310d.jpg,1b3eca66eed90ee6764934c6d84fda1cfde0f11bd9756510dc44c08f595303da,UNKNOWN,NOT_EVALUATED,True,paper,paper,0.9765625,plastic,0.723735,False,2026-08-11T13:41:23.571493Z,383177,tinycnn-v9-balanced-esp-contract,exact_train_file,0.9765625,0.015625,0.0078125,131.009765625,41.88741928331109,23.211588541666668,206.9590606689453,0.046549479166666664,0.019938151041666668,0.007242838541666667,train/paper/augv9_paper_train_original_080.jpg,paper,-1.1920928955078125e-07,train/paper/augv9_paper_train_original_080.jpg,-1.1920928955078125e-07,False
data/images/b4ca0803-1367-4347-82fb-a029c4f08bc1.jpg,20d18bbce35df27809a12273348ed7457165e9be125cf0e4adcb0e9cb533f2a0,UNKNOWN,NOT_EVALUATED,True,plastic,plastic,0.99609375,paper,0.380392,False,2026-08-11T13:15:10.435141Z,383220,tinycnn-v9-balanced-esp-contract,exact_train_file,0.0,0.99609375,0.0,124.95564778645833,41.37350988241787,34.645914713541664,512.6651000976562,0.07967122395833333,0.031005859375,0.0126953125,train/plastic/augv9_plastic_train_original_020.jpg,plastic,0.0,train/plastic/augv9_plastic_train_original_020.jpg,0.0,False
data/images/b4fe11ce-1020-4f3c-a792-3853c122c0b8.jpg,7e9e46643dbf0a6c03b37a2557835bbe6b5d70877a2ef867d79668ff6e3b153d,UNKNOWN,NOT_EVALUATED,True,paper,paper,0.99609375,plastic,0.941406,False,2026-08-11T12:48:05.798322Z,382508,tinycnn-v9-balanced-esp-contract,exact_train_file,0.99609375,0.0,0.0,121.90486653645833,29.498700355625665,35.753743489583336,154.1797637939453,0.024820963541666668,0.00927734375,0.0,train/paper/augv9_paper_train_original_081.jpg,paper,0.0,train/paper/augv9_paper_train_original_081.jpg,0.0,False
data/images/b80189b8-83b3-4f8b-9191-3abd9093a1b4.jpg,99a1e6b85e83d84373820a1588f557f30e630ba76c64b39c3854cc537921f5ef,UNKNOWN,NOT_EVALUATED,True,paper,paper,0.99609375,plastic,0.640625,False,2026-08-11T13:46:29.427746Z,383133,tinycnn-v9-balanced-esp-contract,exact_train_file,0.99609375,0.00390625,0.0,119.76595052083333,40.68939495085055,24.801188151041668,208.2096710205078,0.052815755208333336,0.048014322916666664,0.0008951822916666666,train/paper/augv9_paper_train_original_083.jpg,paper,-1.1920928955078125e-07,train/paper/augv9_paper_train_original_083.jpg,-1.1920928955078125e-07,False
data/images/b83e7b12-2e7f-4908-9152-236192a86184.jpg,500e6fd4fc4ec76bc3f43e8ad7dfe7bb461ff8a7784971bea36e2dc5e4eb6842,UNKNOWN,NOT_EVALUATED,True,paper,paper,0.99609375,plastic,0.664062,False,2026-08-11T13:00:19.020888Z,382841,tinycnn-v9-balanced-esp-contract,exact_train_file,0.99609375,0.0,0.0,119.59383138020833,52.92528930251985,35.489827473958336,178.5063934326172,0.037272135416666664,0.09798177083333333,0.020589192708333332,train/paper/augv9_paper_train_original_084.jpg,paper,-1.1920928955078125e-07,train/paper/augv9_paper_train_original_084.jpg,-1.1920928955078125e-07,False
data/images/baa362a3-05f3-4d6c-a1d3-6aac7e049b1f.jpg,356913cad7415a1560312ba93617e14af82f41ae4f5699320d706d67aad6c358,UNKNOWN,NOT_EVALUATED,True,paper,paper,0.99609375,plastic,0.501945,False,2026-08-11T13:34:41.349805Z,383113,tinycnn-v9-balanced-esp-contract,exact_train_file,0.99609375,0.00390625,0.0,137.04850260416666,50.37050154746548,23.3037109375,269.6944580078125,0.06673177083333333,0.03564453125,0.051676432291666664,train/paper/augv9_paper_train_original_085.jpg,paper,0.0,train/paper/augv9_paper_train_original_085.jpg,0.0,False
data/images/bd213f5c-1bd0-4b81-9217-d54f0b51c050.jpg,7d2d9f835d0b78fb9af77a12f70861c253583439fa21d9ca2619996307c15985,UNKNOWN,NOT_EVALUATED,True,paper,paper,0.99609375,plastic,0.891051,False,2026-08-11T12:43:24.590191Z,383119,tinycnn-v9-balanced-esp-contract,exact_train_file,0.99609375,0.0,0.0,128.450439453125,44.32184666650609,34.974365234375,157.29249572753906,0.0263671875,0.02294921875,0.032307942708333336,train/paper/augv9_paper_train_original_087.jpg,paper,0.0,train/paper/augv9_paper_train_original_087.jpg,0.0,False
data/images/c07ec094-d5b7-478c-9164-b04fe0897de0.jpg,c51758f3ded8cefe89ce87a6c0da6ffb93ec5f694394ed9d4d0956a4a7a11073,UNKNOWN,NOT_EVALUATED,True,paper,paper,0.99609375,plastic,0.496094,False,2026-08-11T13:40:32.953373Z,382263,tinycnn-v9-balanced-esp-contract,exact_train_file,0.99609375,0.00390625,0.0,123.22501627604167,44.500103169865135,22.020670572916668,173.9460906982422,0.027018229166666668,0.047444661458333336,8.138020833333333e-05,train/paper/augv9_paper_train_original_089.jpg,paper,5.960464477539063e-08,train/paper/augv9_paper_train_original_089.jpg,5.960464477539063e-08,False
data/images/c20f0c47-a206-428d-961b-134da2209a40.jpg,7d850183212c7992e265de4fa767a7fc409ce9b5aaca80972e60f09da5166d53,UNKNOWN,NOT_EVALUATED,False,paper,paper,0.9140625,organic,0.992188,False,2026-08-11T13:13:51.149824Z,383148,tinycnn-v9-balanced-esp-contract,unseen,0.9140625,0.0078125,0.07421875,97.7255859375,53.05447576543584,45.610188802083336,165.32034301757812,0.017415364583333332,0.20694986979166666,0.0013834635416666667,train/paper/augv9_paper_train_original_091.jpg,paper,0.051167845726013184,train/paper/augv9_paper_train_original_091.jpg,0.051167845726013184,True
data/images/c55e2c3b-5857-4090-b51b-a02080526a51.jpg,51187062312723acd4d00f63ea771144a7c4cf5138bac7d36272ac121fcc9e2b,UNKNOWN,NOT_EVALUATED,True,paper,paper,0.99609375,plastic,0.828125,False,2026-08-11T12:52:02.921270Z,383083,tinycnn-v9-balanced-esp-contract,exact_train_file,0.99609375,0.00390625,0.0,126.79524739583333,43.90150556591904,28.954752604166668,148.4053497314453,0.02587890625,0.025634765625,0.0458984375,train/paper/augv9_paper_train_original_090.jpg,paper,0.0,train/paper/augv9_paper_train_original_090.jpg,0.0,False
data/images/c6a15a9a-bd2b-4cbb-bd8a-57640244d3b7.jpg,501c95bca3c9fd5f91200fbfa0b9121891acc2c54c4ec03bdce4b4b5acc0492b,UNKNOWN,NOT_EVALUATED,True,paper,paper,0.9921875,organic,0.964844,False,2026-08-11T13:40:01.440232Z,383620,tinycnn-v9-balanced-esp-contract,exact_train_file,0.9921875,0.0,0.0078125,120.81917317708333,51.12377924473385,36.694661458333336,303.8601379394531,0.068359375,0.11043294270833333,0.0029296875,train/paper/augv9_paper_train_original_091.jpg,paper,1.1920928955078125e-07,train/paper/augv9_paper_train_original_091.jpg,1.1920928955078125e-07,False
data/images/c97b6974-30d2-47d8-8bbe-4d88d894ee06.jpg,87efa6f140df11f67cfb665a5cb862c6accd8f583d5dacc2c09bee59ae462b50,UNKNOWN,NOT_EVALUATED,False,paper,paper,0.99609375,plastic,0.410156,False,2026-08-11T14:08:17.281637Z,383090,tinycnn-v9-balanced-esp-contract,unseen,0.99609375,0.0,0.0,128.06722005208334,42.07246515136134,42.388509114583336,324.3074035644531,0.06697591145833333,0.039794921875,0.017252604166666668,train/paper/augv9_paper_train_original_029.jpg,paper,0.014519333839416504,train/paper/augv9_paper_train_original_029.jpg,0.014519333839416504,False
data/images/caa69a0d-25ae-488b-9664-e7dee488add4.jpg,5dbd10660b39ee0732d0d31ce7960ea53ccd47b76de0797cb139e665302e5f37,UNKNOWN,NOT_EVALUATED,True,paper,paper,0.99609375,organic,0.832685,False,2026-08-11T13:17:07.564318Z,383386,tinycnn-v9-balanced-esp-contract,exact_train_file,0.99609375,0.0,0.0,134.20613606770834,50.744387948936925,36.607096354166664,251.8657989501953,0.06949869791666667,0.043375651041666664,0.061930338541666664,train/paper/augv9_paper_train_original_092.jpg,paper,5.960464477539063e-08,train/paper/augv9_paper_train_original_092.jpg,5.960464477539063e-08,False
data/images/cc4ab3bf-2d21-4d39-a432-5c15515bfb7f.jpg,ab8e898e85522b7111be65073d885c6ec2e1991465173398c00984d310c9d7d6,UNKNOWN,NOT_EVALUATED,True,paper,paper,0.99609375,plastic,0.51751,False,2026-08-08T08:27:42.407770Z,383188,tinycnn-v9-balanced-esp-contract,exact_train_file,0.99609375,0.00390625,0.0,148.97159830729166,46.112410671675214,17.700602213541668,215.70814514160156,0.032552083333333336,0.008626302083333334,0.11027018229166667,train/paper/augv9_paper_train_original_093.jpg,paper,0.0,train/paper/augv9_paper_train_original_093.jpg,0.0,False
data/images/d055e3d9-50d9-4f16-a20b-17fd58a76003.jpg,a907d9d6ae5d1aebd5e43b14aa515a383f53feeb00e4caf982ae4456ce668250,UNKNOWN,NOT_EVALUATED,False,plastic,plastic,0.80078125,paper,0.658824,False,2026-08-08T08:58:06.003166Z,382333,tinycnn-v9-balanced-esp-contract,unseen,0.109375,0.80078125,0.08984375,133.11808268229166,29.00422537637004,18.289632161458332,198.8167266845703,0.018880208333333332,0.0008138020833333334,0.0011393229166666667,train/plastic/augv9_plastic_train_original_014.jpg,plastic,0.07806664705276489,train/plastic/augv9_plastic_train_original_014.jpg,0.07806664705276489,True
data/images/d4f5f8f8-8660-40a6-9a71-20afae2c17b5.jpg,0cc6bdec23ef20666fa7390af8c3d084336aa6da3a69010473101e4ed26820ee,UNKNOWN,NOT_EVALUATED,True,paper,paper,0.99609375,plastic,0.788235,False,2026-08-11T13:58:39.573090Z,382849,tinycnn-v9-balanced-esp-contract,exact_train_file,0.99609375,0.0,0.0,127.10611979166667,43.281484675010276,34.704752604166664,173.0229034423828,0.027669270833333332,0.040120442708333336,0.009440104166666666,train/paper/augv9_paper_train_original_095.jpg,paper,5.960464477539063e-08,train/paper/augv9_paper_train_original_095.jpg,5.960464477539063e-08,False
data/images/d8d52e53-ff83-4c2f-aa0b-3bc533433dd4.jpg,5f57b3d75edb42c2d8ae2770f33b08eb796a6cd8f6ef79744057d486605a2062,UNKNOWN,NOT_EVALUATED,False,paper,paper,0.87109375,plastic,0.574219,False,2026-08-11T14:01:57.368741Z,383347,tinycnn-v9-balanced-esp-contract,unseen,0.87109375,0.06640625,0.06640625,130.192138671875,42.092809783443364,22.389485677083332,151.201416015625,0.015380859375,0.028564453125,0.0,train/paper/augv9_paper_train_original_080.jpg,paper,0.0315740704536438,train/paper/augv9_paper_train_original_080.jpg,0.0315740704536438,False
data/images/d9fe1bac-ae81-4dd3-94b1-b2779b5cfa67.jpg,8ea18cbb19ecbc4ac4a343f7a2b4767d122e76aff8c1aa3e5b64c0e9c8aefb20,UNKNOWN,NOT_EVALUATED,False,plastic,plastic,0.98828125,paper,0.566406,False,2026-08-08T08:48:29.778191Z,383131,tinycnn-v9-balanced-esp-contract,unseen,0.0078125,0.98828125,0.00390625,137.80517578125,24.782149112164152,16.953531901041668,391.6856689453125,0.041910807291666664,8.138020833333333e-05,0.003173828125,train/plastic/plastic_train_original_020.jpg,plastic,0.025796353816986084,train/plastic/plastic_train_original_020.jpg,0.025796353816986084,False
data/images/dbbb8d63-b989-4f0b-b66a-9cc42f278b7f.jpg,df6fd0ca71bcc35a83fe2941cc2173863f7426944de8089e0ac0967924ebca13,UNKNOWN,NOT_EVALUATED,True,plastic,plastic,0.99609375,paper,0.84375,False,2026-08-11T14:01:01.365188Z,383244,tinycnn-v9-balanced-esp-contract,exact_train_file,0.0,0.99609375,0.0,128.343505859375,35.943553681440804,22.410563151041668,162.5696258544922,0.024983723958333332,0.014973958333333334,0.0011393229166666667,train/plastic/augv9_plastic_train_original_022.jpg,plastic,0.0,train/plastic/augv9_plastic_train_original_022.jpg,0.0,False
data/images/e10977ee-9ada-43cf-9ee8-b896085d36ac.jpg,e66439a1c96b7913a16a4df8a1d287f979cc1c3ba83dbb1b6c2a4ba3bcc16165,UNKNOWN,NOT_EVALUATED,True,paper,paper,0.9765625,organic,0.753906,False,2026-08-11T12:50:50.565714Z,382280,tinycnn-v9-balanced-esp-contract,exact_train_file,0.9765625,0.00390625,0.01953125,130.20524088541666,29.91868371592468,44.393391927083336,293.9022521972656,0.035970052083333336,0.0,0.01416015625,train/paper/augv9_paper_train_original_098.jpg,paper,-1.1920928955078125e-07,train/paper/augv9_paper_train_original_098.jpg,-1.1920928955078125e-07,False
data/images/e1ef3540-1c6b-4af3-a1d3-89f572f18483.jpg,52e0210426821ffbb4ae63797b8cc45ef6602402d067f8c4c40d4239416e9153,UNKNOWN,NOT_EVALUATED,False,plastic,plastic,0.91796875,paper,0.738281,False,2026-08-08T08:56:44.002185Z,383916,tinycnn-v9-balanced-esp-contract,unseen,0.046875,0.91796875,0.03515625,131.00309244791666,29.846471138060846,18.356852213541668,186.0576934814453,0.0185546875,0.0033365885416666665,0.00016276041666666666,train/plastic/plastic_train_original_014.jpg,plastic,0.03886204957962036,train/plastic/plastic_train_original_014.jpg,0.03886204957962036,True
data/images/e430b787-a041-4620-be64-a0acccccd227.jpg,44ff176590cec772e7e0346b2d24f05b15c02a5f5aa3ff032f8954b380e48326,UNKNOWN,NOT_EVALUATED,True,paper,paper,0.99609375,plastic,0.613281,False,2026-08-11T12:59:23.541483Z,383093,tinycnn-v9-balanced-esp-contract,exact_train_file,0.99609375,0.0,0.0,118.98396809895833,53.018862910839175,36.071126302083336,174.80848693847656,0.022786458333333332,0.10042317708333333,0.043294270833333336,train/paper/augv9_paper_train_original_099.jpg,paper,0.0,train/paper/augv9_paper_train_original_099.jpg,0.0,False
data/images/e4a00d9e-e467-4f7b-b412-a141aa0ac4d5.jpg,575205570fa0418c86ff0cebd3b297d17ef740fa7d5251d32a348030f625f9a1,UNKNOWN,NOT_EVALUATED,False,paper,paper,0.91796875,plastic,0.976654,False,2026-08-11T12:55:25.090247Z,383482,tinycnn-v9-balanced-esp-contract,unseen,0.91796875,0.08203125,0.00390625,127.98876953125,37.63229750205031,32.158447265625,206.81761169433594,0.053873697916666664,0.0008138020833333334,0.0030110677083333335,train/paper/augv9_paper_train_original_020.jpg,paper,0.02812957763671875,train/paper/augv9_paper_train_original_020.jpg,0.02812957763671875,False
data/images/e6b75e5a-e089-421b-905b-5e0f3d0e512a.jpg,e5110884b7be7ad48a361087f8f40b13c91a60b14e55a83c9b615e943a1ab9bd,UNKNOWN,NOT_EVALUATED,True,plastic,plastic,0.99609375,paper,0.496094,False,2026-08-11T13:14:37.624262Z,383003,tinycnn-v9-balanced-esp-contract,exact_train_file,0.0,0.99609375,0.0,130.32356770833334,35.328968660213874,24.408528645833332,239.954833984375,0.027587890625,0.007975260416666666,0.00244140625,train/plastic/augv9_plastic_train_original_026.jpg,plastic,0.0,train/plastic/augv9_plastic_train_original_026.jpg,0.0,False
data/images/e8c93367-7b40-42e5-926a-f8832a6589e5.jpg,256c0a18fcc7a7038ab46ed2ea26860bb2be5de08717135ffff7fce039c7fc4c,UNKNOWN,NOT_EVALUATED,True,paper,paper,0.99609375,organic,0.605469,False,2026-08-11T13:32:39.999498Z,382043,tinycnn-v9-balanced-esp-contract,exact_train_file,0.99609375,0.0,0.0,124.17277018229167,44.413081709068585,27.526041666666668,189.4886016845703,0.042317708333333336,0.095947265625,0.0,train/paper/augv9_paper_train_original_101.jpg,paper,5.960464477539063e-08,train/paper/augv9_paper_train_original_101.jpg,5.960464477539063e-08,False
data/images/e91fd5f8-66e2-4abb-ae22-d909158c112f.jpg,dada3c4bb2800aada60e45f2145b8a3179faabeaf36bf81de2d7bada993c054d,UNKNOWN,NOT_EVALUATED,True,paper,paper,0.99609375,plastic,0.945312,False,2026-08-11T12:46:32.526332Z,383068,tinycnn-v9-balanced-esp-contract,exact_train_file,0.99609375,0.0,0.0,133.99568684895834,35.25685001433319,33.539713541666664,271.24346923828125,0.02880859375,0.0,0.011311848958333334,train/paper/augv9_paper_train_original_102.jpg,paper,1.1920928955078125e-07,train/paper/augv9_paper_train_original_102.jpg,1.1920928955078125e-07,False
data/images/e9dd6578-4b15-4a72-9c0a-32e66b6ba58e.jpg,93bc200bfeffef320f9ebe3a7bd70ecb1114c0ab999a3715b19a828a228573b6,UNKNOWN,NOT_EVALUATED,True,paper,paper,0.99609375,organic,0.910156,False,2026-08-11T13:07:24.644658Z,381700,tinycnn-v9-balanced-esp-contract,exact_train_file,0.99609375,0.0,0.0,122.97102864583333,55.986342216895224,39.460205078125,392.9676513671875,0.07666015625,0.09773763020833333,0.06892903645833333,train/paper/augv9_paper_train_original_103.jpg,paper,1.1920928955078125e-07,train/paper/augv9_paper_train_original_103.jpg,1.1920928955078125e-07,False
data/images/eb675384-3315-40da-a4cb-a2f9332bba69.jpg,e09ac6ec5007f2609e5b2916ff503f1a438096b2cb6ba552b192aa3791120175,UNKNOWN,NOT_EVALUATED,True,paper,paper,0.98828125,plastic,0.789062,False,2026-08-11T13:01:11.337564Z,383133,tinycnn-v9-balanced-esp-contract,exact_train_file,0.98828125,0.0078125,0.00390625,123.18310546875,52.83419950895345,26.292724609375,124.06219482421875,0.012532552083333334,0.063232421875,0.057373046875,train/paper/augv9_paper_train_original_104.jpg,paper,1.1920928955078125e-07,train/paper/augv9_paper_train_original_104.jpg,1.1920928955078125e-07,False
data/images/ecb21d6d-d87b-4bd3-867f-9e690dabc8c3.jpg,500c89420ad74568706f5d176f23d645a5e6c49ce7f1e49f35197e79cbee3f16,UNKNOWN,NOT_EVALUATED,True,paper,paper,0.99609375,plastic,0.507812,False,2026-08-11T13:10:18.170437Z,382074,tinycnn-v9-balanced-esp-contract,exact_train_file,0.99609375,0.0,0.0,126.05948893229167,44.048671287414855,32.510823567708336,175.78321838378906,0.034912109375,0.058837890625,0.0004069010416666667,train/paper/augv9_paper_train_original_105.jpg,paper,5.960464477539063e-08,train/paper/augv9_paper_train_original_105.jpg,5.960464477539063e-08,False
data/images/ed01d071-f456-4531-b89e-393ff9d48030.jpg,1ede2274f2c225b00236c8848a02fe6c88f0a6a88ffd906487cf21334a161a0f,UNKNOWN,NOT_EVALUATED,True,paper,paper,0.99609375,plastic,0.949219,False,2026-08-11T13:03:52.304142Z,383150,tinycnn-v9-balanced-esp-contract,exact_train_file,0.99609375,0.0,0.0,123.744140625,41.96121757971152,42.811360677083336,356.0340576171875,0.06681315104166667,0.014485677083333334,0.032389322916666664,train/paper/augv9_paper_train_original_106.jpg,paper,-1.1920928955078125e-07,train/paper/augv9_paper_train_original_106.jpg,-1.1920928955078125e-07,False
data/images/edea9fa3-acb3-40d5-9eaf-6473bcdf41b2.jpg,e07d2fcf3df7a5ada243069d669b03bca09af2428aff313cfead324504cd9a93,UNKNOWN,NOT_EVALUATED,True,paper,paper,0.99609375,organic,0.945312,False,2026-08-11T13:06:50.606187Z,383211,tinycnn-v9-balanced-esp-contract,exact_train_file,0.99609375,0.0,0.0,129.7333984375,55.24433079570433,37.498779296875,176.54222106933594,0.029947916666666668,0.08317057291666667,0.082275390625,train/paper/augv9_paper_train_original_107.jpg,paper,1.1920928955078125e-07,train/paper/augv9_paper_train_original_107.jpg,1.1920928955078125e-07,False
data/images/eeb59ade-372f-428d-bf0f-a1a47c3180ae.jpg,1c7c05ddb965b97c78480bde56ac7a1cb31058643d96b67bc966681486ec71e5,UNKNOWN,NOT_EVALUATED,True,paper,paper,0.99609375,plastic,0.613281,False,2026-08-11T13:49:52.078197Z,383144,tinycnn-v9-balanced-esp-contract,exact_train_file,0.99609375,0.0,0.0,121.02628580729167,51.648397919238924,23.506184895833332,614.6793212890625,0.123779296875,0.09635416666666667,0.036051432291666664,train/paper/augv9_paper_train_original_108.jpg,paper,1.1920928955078125e-07,train/paper/augv9_paper_train_original_108.jpg,1.1920928955078125e-07,False
data/images/ef79d1dc-5abc-4f95-985c-83ad2f478fef.jpg,880b2031a953d883623b9ab6b152e3290c33acee9b8109106f907e4048a4c779,UNKNOWN,NOT_EVALUATED,False,plastic,plastic,0.65625,paper,0.773438,False,2026-08-08T08:57:14.580851Z,383053,tinycnn-v9-balanced-esp-contract,unseen,0.16015625,0.65625,0.1875,133.15576171875,30.543993459664954,17.809163411458332,184.5103759765625,0.018147786458333332,0.0021158854166666665,0.0003255208333333333,train/plastic/augv9_plastic_train_original_014.jpg,plastic,0.13288384675979614,train/plastic/augv9_plastic_train_original_014.jpg,0.13288384675979614,True
data/images/f3f964a3-065a-4b82-8a45-9eefc18b845e.jpg,f8b517e8c32cb26fca536feb677e1febb82972dee29829adb983b4452ac38ca5,UNKNOWN,NOT_EVALUATED,True,paper,paper,0.99609375,organic,0.589844,False,2026-08-11T12:49:46.752429Z,383185,tinycnn-v9-balanced-esp-contract,exact_train_file,0.99609375,0.0,0.0,126.679931640625,48.28319016727977,33.544026692708336,207.3265380859375,0.049886067708333336,0.016031901041666668,0.07161458333333333,train/paper/augv9_paper_train_original_112.jpg,paper,0.0,train/paper/augv9_paper_train_original_112.jpg,0.0,False
data/images/f6b07b56-00b3-4c43-b16d-6d35d7a759b5.jpg,4f2ea4ca08220b6647e9db79c6ecaf17008ac7c17c45809e4e5d63831a8901ce,UNKNOWN,NOT_EVALUATED,True,paper,paper,0.99609375,plastic,0.75,False,2026-08-11T13:30:57.278246Z,380993,tinycnn-v9-balanced-esp-contract,exact_train_file,0.99609375,0.0,0.0,125.130615234375,44.30685546970891,22.116861979166668,191.3318328857422,0.045166015625,0.038411458333333336,8.138020833333333e-05,train/paper/augv9_paper_train_original_113.jpg,paper,-1.1920928955078125e-07,train/paper/augv9_paper_train_original_113.jpg,-1.1920928955078125e-07,False
data/images/f80a1882-d4a1-4141-9d28-41c94cba8bc2.jpg,b59b04e00247f8065edc8a69b23e4c218ea77c49031b496e74a82339e49fa6d4,UNKNOWN,NOT_EVALUATED,True,paper,paper,0.99609375,organic,0.808594,False,2026-08-11T13:04:34.599250Z,383015,tinycnn-v9-balanced-esp-contract,exact_train_file,0.99609375,0.0,0.0,123.78328450520833,54.19437784247421,48.5595703125,455.27783203125,0.041341145833333336,0.08837890625,0.06583658854166667,train/paper/augv9_paper_train_original_114.jpg,paper,0.0,train/paper/augv9_paper_train_original_114.jpg,0.0,False
data/images/f890c3ed-70be-433f-b8a8-249345c6fa72.jpg,9bedffe398377203e5a50a62bc445d44006d4f52cca53a5514d8e7187e75eced,UNKNOWN,NOT_EVALUATED,True,paper,paper,0.9921875,plastic,0.410156,False,2026-08-11T13:43:26.410754Z,383007,tinycnn-v9-balanced-esp-contract,exact_train_file,0.9921875,0.00390625,0.00390625,122.75056966145833,47.46623019701048,32.93603515625,153.0252685546875,0.039794921875,0.048258463541666664,0.005045572916666667,train/paper/augv9_paper_train_original_115.jpg,paper,0.0,train/paper/augv9_paper_train_original_115.jpg,0.0,False
data/images/fc87e31a-5aff-44b9-9d8c-453e19120835.jpg,eda45a2e9c1822a9cb0f53bab6770612fff273381e00c8e480bc41effc922dbb,UNKNOWN,NOT_EVALUATED,True,paper,paper,0.99609375,plastic,0.507812,False,2026-08-11T14:33:10.151826Z,382579,tinycnn-v9-balanced-esp-contract,exact_train_file,0.99609375,0.00390625,0.0,121.02840169270833,49.66820665766626,30.939615885416668,203.5030059814453,0.052978515625,0.044352213541666664,0.023600260416666668,train/paper/augv9_paper_train_original_116.jpg,paper,0.0,train/paper/augv9_paper_train_original_116.jpg,0.0,False
data/images/fcb840f7-bd50-486f-b397-703b44bb5441.jpg,5503a363fe91cc3081fe747cc03b3aee4cfb963ba160c2d3b5957008bcf9bc20,UNKNOWN,NOT_EVALUATED,True,paper,paper,0.9921875,plastic,0.585938,False,2026-08-11T13:41:54.843171Z,383130,tinycnn-v9-balanced-esp-contract,exact_train_file,0.9921875,0.0078125,0.0,125.14274088541667,44.198572428610525,25.089599609375,141.87425231933594,0.030436197916666668,0.105224609375,0.0,train/paper/augv9_paper_train_original_117.jpg,paper,0.0,train/paper/augv9_paper_train_original_117.jpg,0.0,False
data/images/fd4ef339-4664-448f-a422-25b9f11c3cc7.jpg,bb10af9f69c38e51f48ab98879307d6fe56e2595ac05b4bfae0006a7ffdfbe40,UNKNOWN,NOT_EVALUATED,True,paper,paper,0.99609375,plastic,0.84375,False,2026-08-11T12:53:14.104400Z,383168,tinycnn-v9-balanced-esp-contract,exact_train_file,0.99609375,0.00390625,0.0,132.25203450520834,42.71907237550705,26.777750651041668,172.09071350097656,0.012044270833333334,0.022216796875,0.009684244791666666,train/paper/augv9_paper_train_original_119.jpg,paper,-2.384185791015625e-07,train/paper/augv9_paper_train_original_119.jpg,-2.384185791015625e-07,False
data/images/fdc7606e-699d-4b1b-bda0-d468c1afabab.jpg,deb7607bf97d64235fbfad81853755fb381a19e799c295964ea699238e6daa5b,UNKNOWN,NOT_EVALUATED,True,paper,paper,0.99609375,plastic,0.51751,False,2026-08-11T12:51:50.012959Z,383139,tinycnn-v9-balanced-esp-contract,exact_train_file,0.99609375,0.0,0.0,126.99055989583333,45.14913159808854,29.095133463541668,850.9586791992188,0.13094075520833334,0.0302734375,0.029622395833333332,train/paper/augv9_paper_train_original_120.jpg,paper,0.0,train/paper/augv9_paper_train_original_120.jpg,0.0,False
data/images/fe292d4a-8a27-47e1-b617-11421758474e.jpg,c9b712a2b6c28af43b4fa9b0d35230d2454fb7befca049fbfd90da28beeefa49,UNKNOWN,NOT_EVALUATED,True,paper,paper,0.99609375,plastic,0.910156,False,2026-08-11T12:42:29.231584Z,382024,tinycnn-v9-balanced-esp-contract,exact_train_file,0.99609375,0.0,0.0,123.862548828125,48.192862431451495,29.841145833333332,162.61245727539062,0.03173828125,0.06453450520833333,0.017496744791666668,train/paper/augv9_paper_train_original_121.jpg,paper,-1.1920928955078125e-07,train/paper/augv9_paper_train_original_121.jpg,-1.1920928955078125e-07,False
data/images/fe8b5593-461d-4af0-8f64-651ee922c975.jpg,541140e8113a624703dd6dfe930e8263a6c3177a09df1a5c13b5b9a3a57cbd3f,UNKNOWN,NOT_EVALUATED,True,paper,paper,0.99609375,organic,0.65098,False,2026-08-11T12:55:51.681501Z,383236,tinycnn-v9-balanced-esp-contract,exact_train_file,0.99609375,0.00390625,0.0,136.99373372395834,44.28275377274234,25.814534505208332,409.2124328613281,0.13134765625,0.0029296875,0.072998046875,train/paper/augv9_paper_train_original_123.jpg,paper,5.960464477539063e-08,train/paper/augv9_paper_train_original_123.jpg,5.960464477539063e-08,False
