path,sha256,truth,float_prediction,int8_prediction,float_correct,int8_correct,int8_confidence,training_exposure,int8_paper,int8_plastic,int8_organic
paper/01c454eb-99b9-4341-99cb-2bcb6ef2fdfc.jpg,4b6b67bd4ec41ab3756352d506adece42201ab225fe0365ac7e26017c2dc4115,paper,paper,paper,True,True,0.99609375,heldout_validation,0.99609375,0.0,0.0
paper/073c6bbb-b467-4b12-b3c0-917e903ab36e.jpg,a4da80d7ec6c6eb629add4b248339642da565c1dda863e5c349d3ee8ce8813e7,paper,paper,paper,True,True,0.99609375,heldout_test,0.99609375,0.0,0.0
paper/08957b4d-b996-4f82-a385-44b1c59b5c64.jpg,4e44cf2afd8a40aa529c24b3ef82130179487a9c246d44362e6458182f5a3cae,paper,paper,paper,True,True,0.99609375,exact_train_file,0.99609375,0.0,0.0
paper/095c0464-1e85-4cad-848c-711add2f536a.jpg,8d94633fb502213c533fe9596a41d0abea66ba5b5be61d49498d6f9eee4a40f4,paper,paper,paper,True,True,0.98828125,exact_train_file,0.98828125,0.0078125,0.00390625
paper/0a9aa7c9-7b20-4e9c-809f-87dfff800195.jpg,5cfc7f5b89362a918823a06c557d163e72e784e016782212db1c968db8b75729,paper,paper,paper,True,True,0.99609375,exact_train_file,0.99609375,0.00390625,0.0
paper/0dc78700-cae4-49d7-af86-780d18f797df.jpg,f23a725723c8c9ef69c5e30c74746572782fa4d02f5ace4377f71279d2fa7296,paper,paper,paper,True,True,0.890625,exact_train_file,0.890625,0.1015625,0.0078125
paper/0e5b3bdc-d170-48fc-b51b-e98eaa5a2948.jpg,199378120e02281f20a3df9ad8edd7a481dbc5faafcbc6ec83895a9509b95aae,paper,paper,paper,True,True,0.99609375,heldout_validation,0.99609375,0.0,0.0
paper/0f733a16-8745-4c19-9904-f0b5c31b91fa.jpg,faadbe8d3b8a4d27b839d47b9041bc080818add823964fbc61f0e2d03bb09a04,paper,paper,paper,True,True,0.99609375,heldout_test,0.99609375,0.0,0.0
paper/0f77f478-f518-4d37-874b-d961485e3255.jpg,db1cf6ed5b567602d606c11cd9fdf63ec713679b1e74317d3d93ba6ee0408398,paper,paper,paper,True,True,0.96875,exact_train_file,0.96875,0.02734375,0.0
paper/12a0b7d0-7292-4b7d-bca0-ebefa53d7067.jpg,48abd3160f71823749e14bbac425dadd2ef2112812b29b8f40cd06a5ee0498d7,paper,paper,paper,True,True,0.99609375,exact_train_file,0.99609375,0.0,0.0
paper/1333e479-d829-4b34-9126-81d276a58278.jpg,a3250bf1483fc1b51402bacd9089d17401b7915d4fe1e1cf4774936f6f1bc035,paper,paper,paper,True,True,0.99609375,exact_train_file,0.99609375,0.0,0.0
paper/14645458-07eb-40f1-a49a-da76033c4dcb.jpg,d952e54ef108460d4d6500fefb04ea0ff717baff28c856513a3c6e4ba7fb9057,paper,paper,paper,True,True,0.9375,exact_train_file,0.9375,0.0625,0.0
paper/146b8896-93fd-40bf-8163-c9112058ded4.jpg,bfdc5654a9e77c2605a9371899f619da7bf00cbcbe005b439589c641f736e024,paper,paper,paper,True,True,0.98828125,exact_train_file,0.98828125,0.01171875,0.00390625
paper/193590c5-aa85-490c-8142-74db88c2a5c9.jpg,5535d3fde0925fa3fd5d715d3541c754b3d6eca1626751d3b18678e0815273aa,paper,paper,paper,True,True,0.99609375,exact_train_file,0.99609375,0.0,0.0
paper/1a9c1cdc-beaf-4a6a-b8bc-bc005188d77d.jpg,d58a2f3a6e605500a353fc5bf1802d0251d8f8261303d3592851c2fd78c87322,paper,paper,paper,True,True,0.98046875,heldout_validation,0.98046875,0.01953125,0.0
paper/1bec95d6-6a89-46a5-9314-b77b1f4575c5.jpg,2b26f3ad9bff37dda53c664b9b50b693ff6929acfda491487d1106303f88ec65,paper,paper,paper,True,True,0.8828125,heldout_test,0.8828125,0.1171875,0.0
paper/1e1e58a4-8052-48c3-a688-7170ddad2e3b.jpg,535a538a6017e111153b203fd62635f7a25383aa9b3d3a4eee0c1a977b0a3fd7,paper,paper,paper,True,True,0.98828125,exact_train_file,0.98828125,0.01171875,0.0
paper/211fb8cf-5c52-4d08-b5eb-1d775a89d1c8.jpg,48ee765f0f2d07fbe04f96b7917deb457c6bb3a4aa7782c2ff294d662fe5c05e,paper,paper,paper,True,True,0.9453125,exact_train_file,0.9453125,0.0234375,0.03125
paper/22f1398d-3ac0-43db-a55f-03defe8b04ab.jpg,dea8182a8c1e47468b60fcd175ae358ee45b75330575863dfb5bdbb7cdb7edbb,paper,paper,paper,True,True,0.99609375,exact_train_file,0.99609375,0.0,0.0
paper/25fd15f0-f9b1-405f-a2d4-ca23caccb2ed.jpg,48a57a31927a921f89975c99ab6c18278e45789fc04d017644b21a7014ac635a,paper,paper,paper,True,True,0.99609375,exact_train_file,0.99609375,0.0,0.0
paper/269464c7-a65a-46ca-b8e3-a97c1431b28a.jpg,56fd48071da753ab74e4a6fea741e81c6a6ba727cb1315e5c21e398fdb40a143,paper,paper,paper,True,True,0.99609375,exact_train_file,0.99609375,0.0,0.0
paper/27e3daf1-04a7-47f0-a343-5a9c34e4c141.jpg,811b833202cd5b6a97485fe86c9769e0459bf68729ff5265b407089227f78cfc,paper,paper,paper,True,True,0.99609375,exact_train_file,0.99609375,0.0,0.0
paper/28bba1f0-ed43-4a0d-b5fd-0b66fd8fe928.jpg,794d08281b77e5681b1f8741104c5e286fff55280a4092a1b9a5d803adcc4ddc,paper,paper,paper,True,True,0.98046875,exact_train_file,0.98046875,0.01953125,0.0
paper/2922f4ef-e8ef-4b23-8bc4-c4da6a4f7c7a.jpg,e7525f52c0f74787497f0294a90dc44149bad56fcc1434b1fd9d6342175b76f8,paper,paper,paper,True,True,0.9921875,exact_train_file,0.9921875,0.0078125,0.0
paper/2b8d6ef5-b12c-46e3-ab1e-5f0d5bcb3b01.jpg,e65934f5e98c1aa30fecc877e8e4a462ef3b683f73a578b477c8cca5fcc79b2e,paper,paper,paper,True,True,0.99609375,exact_train_file,0.99609375,0.00390625,0.0
paper/2d0c8728-71b1-47c9-a8f9-5e11a8ad54a6.jpg,90a2f6f81ca912f7a9bf93ed79f8c9c546ee6e0021c018c2df3bb7d4af6fc963,paper,paper,paper,True,True,0.8515625,exact_train_file,0.8515625,0.1484375,0.0
paper/3084c9fd-bb4d-4e7f-86b0-a3b4b6c91616.jpg,46f2536ca960930f5c4b02a66417f714dd5331a5ac0b5501607fe4d4bdb3be72,paper,paper,paper,True,True,0.99609375,exact_train_file,0.99609375,0.0,0.0
paper/3192dd94-fba9-4109-b0f0-cf2ffe513e5f.jpg,967e03f944b1d5062ceb86dad61050f76240aa43a6c6a7564bf6e7331d37a830,paper,paper,paper,True,True,0.984375,exact_train_file,0.984375,0.015625,0.0
paper/32d970c8-9856-4e05-b143-4b746724ec76.jpg,9aaf5d9d24add6e3d06cc02f4c410333d995a09c4be661df5aa91b821ff73624,paper,paper,paper,True,True,0.7734375,heldout_validation,0.7734375,0.21875,0.00390625
paper/34707b0a-0f5d-4e02-b499-b5e28cfa7c29.jpg,7591a63ceae4f274686de51eedd648b3e262dc642fc095a72f78eccbb658a66f,paper,paper,paper,True,True,0.98046875,heldout_test,0.98046875,0.0078125,0.015625
paper/37035b7b-16f0-46b5-ace9-9c43e1ed4d71.jpg,241b6e5d1451e57f2aa8723ea1b476c573d9295d1df240a3545f57a1dec6f3f4,paper,paper,paper,True,True,0.99609375,exact_train_file,0.99609375,0.0,0.0
paper/3a34ee2f-4cd6-4e18-af60-fbbab8355348.jpg,10c620105be761407f581d32cae0178717865866d22d49798397c66060935159,paper,paper,paper,True,True,0.99609375,exact_train_file,0.99609375,0.0,0.0
paper/3ae52a7d-41a2-4619-ad53-7c332e35c7bb.jpg,ec20e42d53cdb466f4f5ea99302bccaa8779dd5d82604a2ed1cababc2b5ea53f,paper,paper,paper,True,True,0.9375,exact_train_file,0.9375,0.05859375,0.00390625
paper/3f379179-6410-4c78-a3c3-6f945e407d92.jpg,79430feb013ad9e64c7ac58eed884ae409af0ab0cf67bbd897e7b2517edaff44,paper,paper,paper,True,True,0.99609375,exact_train_file,0.99609375,0.0,0.0
paper/3f6e0572-f9fc-4b17-a234-74b22244b9d3.jpg,aa2ff4b5295f41dbf047413d4047eb8a3b7e3418d4357e418327b8f705568a2a,paper,paper,paper,True,True,0.99609375,exact_train_file,0.99609375,0.00390625,0.0
paper/3fef7537-8d5b-47c2-bb1c-48e3fc4f4122.jpg,4e608c16f955cfcb201f0315ea7391c4c7e2839661c5fe7daa27778d1c4008e1,paper,paper,paper,True,True,0.9765625,exact_train_file,0.9765625,0.01953125,0.0
paper/40522739-479c-4ab5-9152-a43f4fd12987.jpg,c9886e59bf617772cc3409a91a1eeeea49144cc721a3eb0714246ebd52056d9d,paper,paper,paper,True,True,0.99609375,exact_train_file,0.99609375,0.0,0.0
paper/477026dc-2dee-4e4c-8b5a-848be3db40f3.jpg,729b7c60504e1ce9a729f8d15539351b2b12754468af582bc0c06a0860ecbd62,paper,paper,paper,True,True,0.99609375,exact_train_file,0.99609375,0.00390625,0.0
paper/479328cb-ca6c-49d8-9d83-f1562a554366.jpg,f093fa25d393d1b09a1aa7c99fb6b9a794d4be18773c1b69f49f1c73f2a53f87,paper,paper,paper,True,True,0.99609375,exact_train_file,0.99609375,0.0,0.0
paper/49e8e6bd-f15b-4ac9-91c7-a722994491a6.jpg,6ba18ed7b1ce4beb47079314b7228885d64bac51a7e74d5e98b254fdeb7fa6d0,paper,paper,paper,True,True,0.984375,exact_train_file,0.984375,0.015625,0.00390625
paper/4af49b0a-12ac-4966-8b08-b6b74194a8e6.jpg,dc1c478d32ea0a44999805751383b9160b41bc5d18b5fd3478711d5875f6ed00,paper,paper,paper,True,True,0.99609375,exact_train_file,0.99609375,0.0,0.0
paper/4bbba8c5-af2d-45b5-9969-dfd692b4ce3b.jpg,b7bf9c70c01602ae79f1336ebcddce53f018b7fa3240b2a3f46c873e0fe18c5a,paper,paper,paper,True,True,0.9921875,exact_train_file,0.9921875,0.0078125,0.0
paper/4c11fec1-f14d-498d-9fbd-c48bebd39757.jpg,ed55e5d89599321663e63f65f3cdec0ee6e5049c63e966728df422ef1b30f174,paper,paper,paper,True,True,0.99609375,exact_train_file,0.99609375,0.00390625,0.0
paper/50a368bf-5edc-49f0-88b4-eaed0317a404.jpg,af7ec442c418a182793e5fb93a37500a8c26b6f60f25b45b604a66f57a9621da,paper,paper,paper,True,True,0.98046875,exact_train_file,0.98046875,0.01953125,0.0
paper/51d01d35-9910-443b-bfe3-df075fc920fc.jpg,094a38190d41f4373d9b6f13b7aa2dc7fc1c672856235f042a6c5d33c3a08e37,paper,paper,paper,True,True,0.99609375,exact_train_file,0.99609375,0.00390625,0.0
paper/51f36e9d-13cf-478a-8c2f-8b9cef7cc40a.jpg,a412d3dc546fa18a16b280cdd53926a19959db243889c5f29ea877c16cd917ce,paper,paper,paper,True,True,0.99609375,exact_train_file,0.99609375,0.0,0.0
paper/54e9ee62-7455-48de-92c6-de933012614d.jpg,0bda0f5277ce8afaff1b211868bc1e6355f770454158f02abc7bb95dec902dcc,paper,paper,paper,True,True,0.99609375,exact_train_file,0.99609375,0.0,0.0
paper/55bd0adb-1968-4d13-91e8-96c6ba32047c.jpg,d9372b70b98449e0ef5cede5b526cd85bd9078a339dc20170f89b3e384fe8df7,paper,paper,paper,True,True,0.984375,exact_train_file,0.984375,0.00390625,0.01171875
paper/5f96feed-cbbe-4406-b75c-f77f62db432a.jpg,23add34f07a812a0005054b82514624b49e2bb2d3d20b7399b578d4e4a84158b,paper,paper,paper,True,True,0.99609375,exact_train_file,0.99609375,0.0,0.0
paper/61ebaa35-9755-4adb-8d93-ee7376fa563f.jpg,d2573d32a4ef633d0217d97047c58974d5c7c0c3321eb38f9864c8b78ade108c,paper,paper,paper,True,True,0.99609375,exact_train_file,0.99609375,0.00390625,0.0
paper/64f154cc-b457-4ca7-af72-3c8249011c4b.jpg,cca7ef240681ec3848f400a67102691febfa17f9b817d59ef0137a44ea902815,paper,paper,paper,True,True,0.9765625,exact_train_file,0.9765625,0.0234375,0.0
paper/6797fa38-6af4-49d7-a26d-7a0d0b1a7ada.jpg,805704be80c896fb36dc3b4b4b9461ead7fe271808228152550774d73443817b,paper,paper,paper,True,True,0.9375,exact_train_file,0.9375,0.05859375,0.00390625
paper/68579680-1a53-45da-9916-11bae6282076.jpg,91a92ff90d2e45d439503487ce2f528a0b37bbbeb7785f904e605cdfde41b711,paper,paper,paper,True,True,0.99609375,exact_train_file,0.99609375,0.0,0.0
paper/6952c088-edc5-43df-98fb-9e98768e3a94.jpg,73db1e1476b7e710ad70c772862c8443349fedd3597ba9b34b837ec60a471c8e,paper,paper,paper,True,True,0.99609375,exact_train_file,0.99609375,0.0,0.0
paper/6b567f18-8076-4c0b-93ff-3cfb6df5e258.jpg,9de96f62630d6026ed7635ffd7759039d5df69cd01eb99c98190d1921758054b,paper,paper,paper,True,True,0.99609375,exact_train_file,0.99609375,0.00390625,0.0
paper/6eb401c5-ed18-4be3-91c1-b153fef1b4c6.jpg,39e25fd1eb1109f60bbce6de8a8c195c3eb58debdaa8329531bd99939abbbe87,paper,paper,paper,True,True,0.6796875,exact_train_file,0.6796875,0.3203125,0.00390625
paper/701719a3-bf67-44ce-a9a5-8bea9179ea36.jpg,5360220e8ae5ec888cafc0085efb892001642523d0b02aaa35bf0bde02c3b3d3,paper,paper,plastic,True,False,0.5625,heldout_validation,0.40234375,0.5625,0.03125
paper/7426a024-1c6d-4dc8-98b1-27236d5aedb3.jpg,9382a462f1abaf09f1655cf6c23089d08a568ef83060f8f1434fb363829b2b2b,paper,paper,paper,True,True,0.96484375,exact_train_file,0.96484375,0.03515625,0.0
paper/75083768-ebd8-472e-afb7-e0f42423a6ad.jpg,3271fda3f1a762c8de9cd55aef77eda47c588e00917a95b6ac73c5b0a3da0912,paper,paper,paper,True,True,0.984375,exact_train_file,0.984375,0.015625,0.00390625
paper/759d3cbb-dfc3-470a-b9da-641f7c5b328a.jpg,17e043c613f0f4c3d89ced8b3c3ac83ffb94c76e0b2bde8cfee5b7a9bc39beae,paper,paper,paper,True,True,0.98828125,exact_train_file,0.98828125,0.01171875,0.0
paper/773e34c7-0ff2-4dba-affa-d26313a6250e.jpg,354d39d92ee94a57a9ee7b630d2b3c4a4053e4020fda3c88334b82dba6d4da85,paper,paper,paper,True,True,0.99609375,exact_train_file,0.99609375,0.0,0.0
paper/78764399-aa01-4a12-97b0-1043e905548d.jpg,1588063615b06fc135ae9f6d90a530a2895fcf6f7491545888a6d12c129afe19,paper,paper,paper,True,True,0.99609375,exact_train_file,0.99609375,0.0,0.0
paper/7a3256cc-dde3-46c6-a975-88897ae6d98e.jpg,96e11789903a2fa2b34a9873aea14040435ad01f1cfea83879b8eb9ad1bee7e5,paper,paper,paper,True,True,0.9921875,exact_train_file,0.9921875,0.0078125,0.0
paper/7be06600-0fbb-4b17-8aeb-dcd034dc0868.jpg,c8054641bce6620e45ad59b541c2dd8686ca6b0ebda2791e770939f77b08d4ba,paper,paper,paper,True,True,0.99609375,exact_train_file,0.99609375,0.0,0.0
paper/7d9f459b-aa7e-4ef5-a915-7623d4076be2.jpg,0232a15cbb5ac3a07744dd0f85252d22c01d473c4aed5c44078ad79953df6421,paper,paper,paper,True,True,0.95703125,exact_train_file,0.95703125,0.04296875,0.0
paper/7e6a3c04-9698-4b46-9900-ae538812c20f.jpg,510a4d05479a9ac38df03e482877a3bca1cbdf1b0b3e0984aee6e4782e4a058c,paper,paper,paper,True,True,0.99609375,exact_train_file,0.99609375,0.0,0.00390625
paper/7fbb9fe7-63df-4ebc-a4b3-2426cf548899.jpg,e4a3ee89ad8bcec7eadeac2cc76a2e43f83490601c8e454bb7ab8465e60a85eb,paper,paper,paper,True,True,0.99609375,exact_train_file,0.99609375,0.0,0.0
paper/83d1d81b-af4e-4edd-873c-899e3ff3a910.jpg,9fe1f5214ca8af80b71ccfc4717a4f9b7554d0fb924d95fdb034cd011feab5fb,paper,paper,plastic,True,False,0.58984375,heldout_validation,0.38671875,0.58984375,0.0234375
paper/84deb629-fad4-4945-abe6-cac9dcf726cc.jpg,962725e09652614943d3ef976886e4823934a0a7b4d3e8ce232ea0cd5b0a34cf,paper,paper,paper,True,True,0.99609375,exact_train_file,0.99609375,0.0,0.0
paper/85dd1ad5-d54d-4ebf-95f1-bcb893d92e2d.jpg,3e6325ba85d924945e04614d276e1ec2b5021874b86ac01952992a83268908af,paper,paper,paper,True,True,0.99609375,heldout_test,0.99609375,0.0,0.0
paper/8641afbf-7b01-4fff-8666-9efb81b55e13.jpg,4cd1b50d515c28b1c0724454627aa03f1a7b1a7c637a1f697de1faf7862eb464,paper,paper,paper,True,True,0.9609375,exact_train_file,0.9609375,0.0390625,0.0
paper/8686cc84-b144-470d-bf9c-672b674e9a20.jpg,4895e9b68419e22e3e704a61277add470367b91d5e2ac958df2eecc3ab5dbdde,paper,paper,paper,True,True,0.99609375,exact_train_file,0.99609375,0.0,0.0
paper/8efab3bb-3881-4cae-851d-65e14cfa0d47.jpg,51272ab4e05be56f6b24e832285b426f7605dc5829f3b3b90095582a4b215d28,paper,paper,paper,True,True,0.99609375,exact_train_file,0.99609375,0.0,0.0
paper/8f908485-4c7d-4a00-8ed8-c0b9dfa31430.jpg,be6ced7e3be6505f0d516f42194918d519f5093c1efc9f2ec766da138b9c9855,paper,paper,paper,True,True,0.99609375,exact_train_file,0.99609375,0.0,0.0
paper/904f6d8a-b900-435d-8820-a9170cf3932f.jpg,4c64de55b5b2e8f552b62b4b847093f3a2a831fbe59e3eb3f971ce52d65a5bab,paper,paper,paper,True,True,0.99609375,exact_train_file,0.99609375,0.00390625,0.0
paper/9367b7f0-bf66-4487-8fec-22ae681fb1d5.jpg,fb332445f055cfeb395a3a31a3ad4a354f8df5c0d61abdff8e3cdd069f738bdc,paper,paper,paper,True,True,0.9921875,exact_train_file,0.9921875,0.0078125,0.0
paper/98c24a84-9234-4e56-a602-f424b604edb3.jpg,726cfd7452c8ede295b248b79ec48a998d69b806cc9edabfba00530017d60cc9,paper,paper,paper,True,True,0.98828125,exact_train_file,0.98828125,0.01171875,0.0
paper/99be9226-a986-4a1b-a68c-4faa0d476a0e.jpg,8150610c16975312b46c74ccc8262a16c5ce4bfd2f4705767ddeb73aefb59ad7,paper,paper,paper,True,True,0.99609375,exact_train_file,0.99609375,0.0,0.0
paper/9be5a8d8-61db-4ac1-bcdc-d8d146f806ed.jpg,405a56f45feeab72865884c7fa9baf495ac795b5b7f559da4bfac3827e892a30,paper,paper,paper,True,True,0.99609375,exact_train_file,0.99609375,0.00390625,0.0
paper/9c43d53d-6e50-4f02-9c08-cf2342898dc0.jpg,f0433c536c21f609855af413d3e9074788d1e166bd28a7cbd99492c87fa9506d,paper,paper,paper,True,True,0.8515625,exact_train_file,0.8515625,0.1484375,0.00390625
paper/9d205c38-ac1a-4fb1-8113-ae94ac91dccf.jpg,bdf2d1cb3f81ec39791e46eb3125ce2a9deb4b2852dcabd7b06e4f77802e5521,paper,paper,paper,True,True,0.984375,exact_train_file,0.984375,0.015625,0.0
paper/a1259918-a359-49bd-851a-d3bfb821a634.jpg,55acfa2b24a8cb843ac613c36be8d46eb9d6c2d79788551a5cae1c2c2b3f588e,paper,paper,paper,True,True,0.8828125,exact_train_file,0.8828125,0.109375,0.0078125
paper/a21d2a52-81d7-4884-8534-7ae17ed4149f.jpg,9aafc679f1244c652f8bde050732a6240c486fa29dbd825e1347292078e2b1f7,paper,paper,paper,True,True,0.98828125,exact_train_file,0.98828125,0.01171875,0.0
paper/a31abf1a-1ba2-4e7f-8df4-23564c4bf558.jpg,2dd50120fe67dd11a1cd2fdf775cf289d67be2f31f2715cce765841e712aa4a5,paper,paper,paper,True,True,0.99609375,exact_train_file,0.99609375,0.0,0.0
paper/a59c2028-effa-4308-8b86-5b38c8a2afa6.jpg,396b4581cba8e636daa403be7697c6e422c3666ac15ade84da5fbd1c8f59ba2f,paper,paper,paper,True,True,0.98046875,exact_train_file,0.98046875,0.01171875,0.00390625
paper/a6b7fe8e-ee2b-47be-8b44-e13baed2adf6.jpg,2a53b937014289f37a66ec0f5ef6003650296ca47b7f4039956d525f04a60c85,paper,paper,paper,True,True,0.99609375,exact_train_file,0.99609375,0.0,0.0
paper/ae41156a-aa81-46b1-97d7-fb8f22cfdad6.jpg,25d10179c0879b97415e1508b033bc8ab8da1ed515a7b5761d5aadc84614c568,paper,plastic,plastic,False,False,0.99609375,unseen,0.0,0.99609375,0.0
paper/af7d875b-c7cf-411c-bed7-8261a4d346e8.jpg,0cdf5d265d9c8e1ff6a593501c7e8173c9b1755ab71e4590a5552a4016da4f0c,paper,paper,paper,True,True,0.984375,exact_train_file,0.984375,0.015625,0.0
paper/b02c7af6-3c13-4a11-84db-a3bd2761ce08.jpg,68d6615d627a2f41de1fa8f87e7c510dab7d798cd04dc007474d3ee254145cda,paper,paper,paper,True,True,0.99609375,exact_train_file,0.99609375,0.0,0.0
paper/b0fa030b-a9f0-4df8-b236-212c1e8dcaa5.jpg,7b762af51378f9613b70e59d831c8659ed21769bb7f90caafa957cd0a6913fdc,paper,paper,paper,True,True,0.98828125,exact_train_file,0.98828125,0.0078125,0.0
paper/b22bb84d-1cf7-46ad-b4d0-22cdf10d932d.jpg,44043d8cb9c9a6ecbdad2f9a3ce94c2aad7d4076faa5f69eb449051cf682b54c,paper,paper,paper,True,True,0.99609375,exact_train_file,0.99609375,0.0,0.0
paper/b2d6358d-5b99-4e7e-be98-5a3f92c8310d.jpg,1b3eca66eed90ee6764934c6d84fda1cfde0f11bd9756510dc44c08f595303da,paper,paper,paper,True,True,0.98046875,exact_train_file,0.98046875,0.015625,0.00390625
paper/b4fe11ce-1020-4f3c-a792-3853c122c0b8.jpg,7e9e46643dbf0a6c03b37a2557835bbe6b5d70877a2ef867d79668ff6e3b153d,paper,paper,paper,True,True,0.99609375,exact_train_file,0.99609375,0.0,0.0
paper/b7bcf8af-23dd-4ab6-bc66-3e33db394217.jpg,8f7abf502596db9b432349dd65599774d1aab5b5be1e3002e4f6a4e4d6cdde64,paper,paper,paper,True,True,0.99609375,exact_train_file,0.99609375,0.0,0.0
paper/b80189b8-83b3-4f8b-9191-3abd9093a1b4.jpg,99a1e6b85e83d84373820a1588f557f30e630ba76c64b39c3854cc537921f5ef,paper,paper,paper,True,True,0.984375,exact_train_file,0.984375,0.015625,0.0
paper/b83e7b12-2e7f-4908-9152-236192a86184.jpg,500e6fd4fc4ec76bc3f43e8ad7dfe7bb461ff8a7784971bea36e2dc5e4eb6842,paper,paper,paper,True,True,0.99609375,exact_train_file,0.99609375,0.0,0.0
paper/baa362a3-05f3-4d6c-a1d3-6aac7e049b1f.jpg,356913cad7415a1560312ba93617e14af82f41ae4f5699320d706d67aad6c358,paper,paper,paper,True,True,0.99609375,exact_train_file,0.99609375,0.0,0.0
paper/bbbbbe07-2e49-4753-a7b7-ace87482c456.jpg,bbce33c9ac93d0ed1731c519ef8d4c81aef4949194fc27fceccf8f236c453362,paper,paper,paper,True,True,0.94921875,exact_train_file,0.94921875,0.05078125,0.0
paper/bd213f5c-1bd0-4b81-9217-d54f0b51c050.jpg,7d2d9f835d0b78fb9af77a12f70861c253583439fa21d9ca2619996307c15985,paper,paper,paper,True,True,0.99609375,exact_train_file,0.99609375,0.0,0.0
paper/be40c2d7-39ff-44d4-8621-7c5b01b2fee9.jpg,49a13de23e4962c13922123c6df06b7d476d58b9483ad2d81c05292c9bd2aa29,paper,paper,paper,True,True,0.99609375,exact_train_file,0.99609375,0.0,0.0
paper/c07ec094-d5b7-478c-9164-b04fe0897de0.jpg,c51758f3ded8cefe89ce87a6c0da6ffb93ec5f694394ed9d4d0956a4a7a11073,paper,paper,paper,True,True,0.9921875,exact_train_file,0.9921875,0.0078125,0.0
paper/c55e2c3b-5857-4090-b51b-a02080526a51.jpg,51187062312723acd4d00f63ea771144a7c4cf5138bac7d36272ac121fcc9e2b,paper,paper,paper,True,True,0.984375,exact_train_file,0.984375,0.015625,0.0
paper/c6a15a9a-bd2b-4cbb-bd8a-57640244d3b7.jpg,501c95bca3c9fd5f91200fbfa0b9121891acc2c54c4ec03bdce4b4b5acc0492b,paper,paper,paper,True,True,0.9921875,exact_train_file,0.9921875,0.00390625,0.0078125
paper/caa69a0d-25ae-488b-9664-e7dee488add4.jpg,5dbd10660b39ee0732d0d31ce7960ea53ccd47b76de0797cb139e665302e5f37,paper,paper,paper,True,True,0.984375,exact_train_file,0.984375,0.0078125,0.0078125
paper/cc4ab3bf-2d21-4d39-a432-5c15515bfb7f.jpg,ab8e898e85522b7111be65073d885c6ec2e1991465173398c00984d310c9d7d6,paper,paper,paper,True,True,0.98046875,exact_train_file,0.98046875,0.01953125,0.0
paper/cfa0bc8c-16da-40c7-9941-4edf0c62076b.jpg,7d3577d0939875bfa231a3dcf35dc3bb9c2801c02c8faa80cab02b7e8cdbb9fa,paper,paper,paper,True,True,0.99609375,exact_train_file,0.99609375,0.0,0.0
paper/d4f5f8f8-8660-40a6-9a71-20afae2c17b5.jpg,0cc6bdec23ef20666fa7390af8c3d084336aa6da3a69010473101e4ed26820ee,paper,paper,paper,True,True,0.99609375,exact_train_file,0.99609375,0.0,0.0
paper/d6c607ff-e54d-4b58-9170-290051e6d6cf.jpg,d9a7ee56dc377212ca95550ae3cb40244a96328e51af13a39c26606d75d6e01d,paper,organic,organic,False,False,0.890625,heldout_test,0.109375,0.0,0.890625
paper/dec328cf-2c34-4f85-8b98-7ce685f993b1.jpg,9a25650cd3889d53e5922b9cec8d06bed52c42cb5ad0c3e287fa976b1a65f0c7,paper,paper,paper,True,True,0.98828125,exact_train_file,0.98828125,0.0078125,0.0
paper/e0e3ac9f-1dac-46a9-8732-42aefebdc35d.jpg,4c5d3fdc2bf9f126231c2957e8fda9f9858acd2e641e064a81551f4bcdab2b9a,paper,paper,paper,True,True,0.9921875,exact_train_file,0.9921875,0.0078125,0.0
paper/e10977ee-9ada-43cf-9ee8-b896085d36ac.jpg,e66439a1c96b7913a16a4df8a1d287f979cc1c3ba83dbb1b6c2a4ba3bcc16165,paper,paper,paper,True,True,0.9921875,exact_train_file,0.9921875,0.0,0.0078125
paper/e430b787-a041-4620-be64-a0acccccd227.jpg,44ff176590cec772e7e0346b2d24f05b15c02a5f5aa3ff032f8954b380e48326,paper,paper,paper,True,True,0.99609375,exact_train_file,0.99609375,0.0,0.0
paper/e49dbf71-1c4c-4432-8f77-620e2b66e873.jpg,c0d770c6129f05a747adee2c4f40da09d9e04bb1b8a659f33c9ebe494b510eb1,paper,paper,paper,True,True,0.9921875,exact_train_file,0.9921875,0.0078125,0.0
paper/e8c93367-7b40-42e5-926a-f8832a6589e5.jpg,256c0a18fcc7a7038ab46ed2ea26860bb2be5de08717135ffff7fce039c7fc4c,paper,paper,paper,True,True,0.94921875,exact_train_file,0.94921875,0.046875,0.00390625
paper/e91fd5f8-66e2-4abb-ae22-d909158c112f.jpg,dada3c4bb2800aada60e45f2145b8a3179faabeaf36bf81de2d7bada993c054d,paper,paper,paper,True,True,0.9609375,exact_train_file,0.9609375,0.0390625,0.0
paper/e9dd6578-4b15-4a72-9c0a-32e66b6ba58e.jpg,93bc200bfeffef320f9ebe3a7bd70ecb1114c0ab999a3715b19a828a228573b6,paper,paper,paper,True,True,0.99609375,exact_train_file,0.99609375,0.0,0.0
paper/eb675384-3315-40da-a4cb-a2f9332bba69.jpg,e09ac6ec5007f2609e5b2916ff503f1a438096b2cb6ba552b192aa3791120175,paper,paper,paper,True,True,0.9921875,exact_train_file,0.9921875,0.0078125,0.0
paper/ecb21d6d-d87b-4bd3-867f-9e690dabc8c3.jpg,500c89420ad74568706f5d176f23d645a5e6c49ce7f1e49f35197e79cbee3f16,paper,paper,paper,True,True,0.99609375,exact_train_file,0.99609375,0.0,0.0
paper/ed01d071-f456-4531-b89e-393ff9d48030.jpg,1ede2274f2c225b00236c8848a02fe6c88f0a6a88ffd906487cf21334a161a0f,paper,paper,paper,True,True,0.99609375,exact_train_file,0.99609375,0.0,0.0
paper/edea9fa3-acb3-40d5-9eaf-6473bcdf41b2.jpg,e07d2fcf3df7a5ada243069d669b03bca09af2428aff313cfead324504cd9a93,paper,paper,paper,True,True,0.9921875,exact_train_file,0.9921875,0.00390625,0.00390625
paper/eeb59ade-372f-428d-bf0f-a1a47c3180ae.jpg,1c7c05ddb965b97c78480bde56ac7a1cb31058643d96b67bc966681486ec71e5,paper,paper,paper,True,True,0.99609375,exact_train_file,0.99609375,0.0,0.0
paper/f027ccf5-ade4-49ef-8fc1-1ece900c0cd1.jpg,7f9805037d3b3ae5149fd550f49bb04c8ab38bd5baa70fedfc24e1085eaf8c28,paper,paper,paper,True,True,0.99609375,exact_train_file,0.99609375,0.0,0.0
paper/f0fc7621-4861-4e0f-a6e5-78982f4e4d6c.jpg,f60969861f106de54626b4800bcf18a2434e6b2a5b54eb5d74b8e2e77cfceefb,paper,paper,paper,True,True,0.99609375,exact_train_file,0.99609375,0.0,0.0
paper/f2513e44-5d15-42bb-aae5-5e19d866d0e5.jpg,ba1bf55b92646f80f2bab16b9a1d1a813872f1a18fd0216f20342f2507a319cf,paper,paper,paper,True,True,0.99609375,exact_train_file,0.99609375,0.00390625,0.0
paper/f3f964a3-065a-4b82-8a45-9eefc18b845e.jpg,f8b517e8c32cb26fca536feb677e1febb82972dee29829adb983b4452ac38ca5,paper,paper,paper,True,True,0.97265625,exact_train_file,0.97265625,0.02734375,0.0
paper/f6b07b56-00b3-4c43-b16d-6d35d7a759b5.jpg,4f2ea4ca08220b6647e9db79c6ecaf17008ac7c17c45809e4e5d63831a8901ce,paper,paper,paper,True,True,0.71484375,exact_train_file,0.71484375,0.28515625,0.0
paper/f80a1882-d4a1-4141-9d28-41c94cba8bc2.jpg,b59b04e00247f8065edc8a69b23e4c218ea77c49031b496e74a82339e49fa6d4,paper,paper,paper,True,True,0.99609375,exact_train_file,0.99609375,0.0,0.0
paper/f890c3ed-70be-433f-b8a8-249345c6fa72.jpg,9bedffe398377203e5a50a62bc445d44006d4f52cca53a5514d8e7187e75eced,paper,paper,paper,True,True,0.9921875,exact_train_file,0.9921875,0.0078125,0.0
paper/fc87e31a-5aff-44b9-9d8c-453e19120835.jpg,eda45a2e9c1822a9cb0f53bab6770612fff273381e00c8e480bc41effc922dbb,paper,paper,paper,True,True,0.99609375,exact_train_file,0.99609375,0.0,0.0
paper/fcb840f7-bd50-486f-b397-703b44bb5441.jpg,5503a363fe91cc3081fe747cc03b3aee4cfb963ba160c2d3b5957008bcf9bc20,paper,paper,paper,True,True,0.98828125,exact_train_file,0.98828125,0.01171875,0.0
paper/fcd246df-8539-424d-b417-36c64d269d89.jpg,53d684bb643923a9218428d6882baf03575c15005b3f51a047379ddd27871e0a,paper,paper,paper,True,True,0.99609375,exact_train_file,0.99609375,0.0,0.0
paper/fd4ef339-4664-448f-a422-25b9f11c3cc7.jpg,bb10af9f69c38e51f48ab98879307d6fe56e2595ac05b4bfae0006a7ffdfbe40,paper,paper,paper,True,True,0.91796875,exact_train_file,0.91796875,0.08203125,0.0
paper/fdc7606e-699d-4b1b-bda0-d468c1afabab.jpg,deb7607bf97d64235fbfad81853755fb381a19e799c295964ea699238e6daa5b,paper,paper,paper,True,True,0.99609375,exact_train_file,0.99609375,0.0,0.0
paper/fe292d4a-8a27-47e1-b617-11421758474e.jpg,c9b712a2b6c28af43b4fa9b0d35230d2454fb7befca049fbfd90da28beeefa49,paper,paper,paper,True,True,0.99609375,exact_train_file,0.99609375,0.0,0.0
paper/fe45d128-a7df-47cf-96cc-fbe51ea6ccfe.jpg,0c5ca2ffe538b7ac7fe585c6122d83dec119b8a036562e7c269ec8b39bb5f125,paper,paper,paper,True,True,0.99609375,exact_train_file,0.99609375,0.0,0.0
paper/fe8b5593-461d-4af0-8f64-651ee922c975.jpg,541140e8113a624703dd6dfe930e8263a6c3177a09df1a5c13b5b9a3a57cbd3f,paper,paper,paper,True,True,0.97265625,exact_train_file,0.97265625,0.0234375,0.0
plastic/0e2388bc-635a-4704-aebf-ee34fe70a5d8.jpg,4906b4568d617faa7d97d79004d50c3e038f58e492b8c1b0f8836b2f860776f7,plastic,plastic,plastic,True,True,0.984375,heldout_validation,0.015625,0.984375,0.0
plastic/2118a584-485e-46d8-ae18-262b8b7cf11a.jpg,9b2686d8a88adeb7e0bb24a3df97db87f62652c91812a39d382fc7a6cca6d300,plastic,plastic,plastic,True,True,0.99609375,exact_train_file,0.0,0.99609375,0.0
plastic/24071e66-9fad-4962-9097-b99cd571913f.jpg,b32bc46d68f9802229f2bb884509fd9de56ff182effb1eff884769d0cf53e82d,plastic,plastic,plastic,True,True,0.99609375,exact_train_file,0.0,0.99609375,0.0
plastic/2d923f14-4cc7-4855-b05d-712c80001af2.jpg,7426a82f023ca0a70a589503c5eac1ce32b49938ac4b26f9e3fa447b18937b85,plastic,plastic,plastic,True,True,0.97265625,heldout_test,0.02734375,0.97265625,0.00390625
plastic/2e185fae-4482-41ee-b8ea-d6a090dd32f7.jpg,edcd64d47d69f68d2718f934f93d3c0a859489855bc77c3aacfcda425a9f1051,plastic,plastic,plastic,True,True,0.99609375,heldout_validation,0.0,0.99609375,0.0
plastic/33828efa-4dba-4a74-8e35-91a16d6fcc9f.jpg,2a98ab798a1d135974a5bfb4080ce69ba1144e529cbea9b98a4fdff28f9d039b,plastic,plastic,plastic,True,True,0.99609375,exact_train_file,0.0,0.99609375,0.0
plastic/40bd6de7-f23a-41c3-9a9f-2d96d3883649.jpg,bcfeb7e9e399615cd1ca0059b08337e20da12cb9215618a094a9a21cee39ecb9,plastic,plastic,plastic,True,True,0.99609375,exact_train_file,0.0,0.99609375,0.0
plastic/452d2422-0142-41bd-9144-9f43ad82fcb2.jpg,48e6ac9ca992a37c137c883f643df37b80896df9c115a0706c7d8566fb7e77b0,plastic,plastic,plastic,True,True,0.99609375,exact_train_file,0.0,0.99609375,0.0
plastic/4c5909a4-a9e8-4c99-a1ac-73b8937f56d7.jpg,c3a8f5fde9ab0cd7dcd5b522a874897c466d1724076325e7686ca236a2b1b790,plastic,plastic,plastic,True,True,0.99609375,exact_train_file,0.00390625,0.99609375,0.0
plastic/50d1fc10-d6bd-4b6b-a6a1-faff943e4a0a.jpg,00a98ac34aa442b73f32d20e27fca0ad366edeab891ee6e9fdea0fe58870e04f,plastic,plastic,plastic,True,True,0.99609375,exact_train_file,0.0,0.99609375,0.0
plastic/5136d6c4-9577-4d3e-974a-5fe044dcc39b.jpg,353ee90cb66aa7b97de0135bbae303226e7574f6a359de2c7c38a48e39f8b33b,plastic,paper,paper,False,False,0.76953125,heldout_test,0.76953125,0.21875,0.0078125
plastic/5d7b84e1-7787-4663-a9af-5ed3b576538a.jpg,a34893fd693bee519c2c33106961d31fae2dbf754bd615116a404136109510f3,plastic,plastic,plastic,True,True,0.99609375,exact_train_file,0.0,0.99609375,0.0
plastic/68a1c345-6540-4b93-a842-5a95aa252f91.jpg,79340b20cdfc481256b498527f762161f6c93303c6f603c42bc8df12e4af2a81,plastic,plastic,plastic,True,True,0.99609375,exact_train_file,0.0,0.99609375,0.0
plastic/6a300772-f7c2-4905-a435-fbda86b5e7df.jpg,dbec3f1965b404ebc8760d35051051f9444269f00a3026b99f9f9849a11e3c68,plastic,plastic,plastic,True,True,0.96875,heldout_validation,0.03125,0.96875,0.0
plastic/6aa83614-a438-45fd-9ca8-ec4e346a6839.jpg,d783d6469d3876b1d032a4cf5e3d06e6bd020d7111bd733da09576fa4e13c58a,plastic,plastic,plastic,True,True,0.99609375,exact_train_file,0.0,0.99609375,0.0
plastic/6bb14734-8d8a-4f75-956e-97a8638b50b6.jpg,3f9bb35465ce2b88b8f60a33a01029a0c4e7f530d34f3fe0556deeae4c7a3b10,plastic,plastic,plastic,True,True,0.99609375,exact_train_file,0.0,0.99609375,0.0
plastic/6f1441cc-933b-4c05-821b-2edc26351c1e.jpg,1d52a22862bcd3c1190a8e58b61fd976c924ddeeefff1cb7ce0cf403d20eb1ea,plastic,plastic,plastic,True,True,0.99609375,exact_train_file,0.0,0.99609375,0.0
plastic/72591b70-ec20-4240-96dc-ce5ccb4387e3.jpg,35e180cfc1b181c1a336aed2e147db7eb026007ac1a7ebd89f3df146d8b67f8a,plastic,plastic,plastic,True,True,0.99609375,exact_train_file,0.0,0.99609375,0.0
plastic/72bb7b1c-11e0-4a75-bc48-f0d75a511015.jpg,575ccaa6ff78d78fed7a02735f80d642b049c49e80c2d30bcb0aba366adbdc0b,plastic,plastic,plastic,True,True,0.99609375,exact_train_file,0.0,0.99609375,0.0
plastic/7a629096-8f2d-414c-8ea7-1e18fcbeb59c.jpg,58d748350c7325680afe8e6a4db71f3fc51c10b6f92a05e639bf00dc76cb348e,plastic,plastic,plastic,True,True,0.99609375,exact_train_file,0.0,0.99609375,0.0
plastic/7f459649-2df5-4551-b2e5-8010e3e69531.jpg,926a2e61397ee622ff97cbf8c78591353626ee95ef6ac74900f0286764755757,plastic,plastic,plastic,True,True,0.94140625,heldout_validation,0.0546875,0.94140625,0.00390625
plastic/9184b7f9-df02-436d-ba3d-50cf44f369ac.jpg,5962d1ff1172fa4ea379eb4a39b9b64a9a0ca9464fd0aeba2fdb447f02b619ed,plastic,plastic,plastic,True,True,0.99609375,exact_train_file,0.0,0.99609375,0.0
plastic/940300ac-7bef-4874-9565-9ed7d0fdd807.jpg,040e13854b7a31804f22b0c71c9a522daf7095958b9b23563ba1878bc854c148,plastic,plastic,plastic,True,True,0.99609375,heldout_test,0.0,0.99609375,0.0
plastic/96f7fb79-54b9-4269-9712-dcd543fb38dd.jpg,22c6749fcc98199cf21b7944367a0bf04a88be35dfa3673f3057ea64faa87017,plastic,plastic,plastic,True,True,0.99609375,exact_train_file,0.0,0.99609375,0.0
plastic/9aacf7c8-789a-4f9e-ae6c-d60aaccc9f60.jpg,dda76e7c996631e1381d7d936d436a9b375bba2972ab651b97f08ad54c2b35dd,plastic,paper,plastic,False,True,0.51171875,heldout_validation,0.47265625,0.51171875,0.015625
plastic/9b24a51d-8349-4eb8-883a-56670864fe25.jpg,a57b3174eaff370737b4463c865896f61933a9b8a03df58f4d881ae02d874935,plastic,plastic,plastic,True,True,0.99609375,exact_train_file,0.0,0.99609375,0.0
plastic/a6cbcabd-830a-4a57-aa0c-8e617d83193d.jpg,85ca5a64a18c53165d10ae568c79c008ccc5b2e73b2855616b6c0b416fd465d3,plastic,plastic,plastic,True,True,0.99609375,heldout_test,0.00390625,0.99609375,0.0
plastic/ad8dbdbc-f95a-42dc-95ad-e567d1eca200.jpg,b0c0471fb819a2d5c0669e83685e775fefd0e8e1ed4050ca06c2d213cd5bea8c,plastic,plastic,plastic,True,True,0.99609375,exact_train_file,0.0,0.99609375,0.0
plastic/b4ca0803-1367-4347-82fb-a029c4f08bc1.jpg,20d18bbce35df27809a12273348ed7457165e9be125cf0e4adcb0e9cb533f2a0,plastic,plastic,plastic,True,True,0.99609375,exact_train_file,0.0,0.99609375,0.0
plastic/be1a672c-873b-4117-b7af-daa4599b8390.jpg,12518badcdb61e3cbe99e5522d43096715607a1a519b5ef82ac301a1e468a25d,plastic,plastic,plastic,True,True,0.9921875,heldout_validation,0.0078125,0.9921875,0.0
plastic/d4ffff31-b85c-4a2f-9684-8fb528456543.jpg,86b1d7a1000e482651d02fc118e9e390f58e3e3002c80d95e938f490b9af8af9,plastic,plastic,plastic,True,True,0.99609375,heldout_test,0.0,0.99609375,0.0
plastic/d61ce994-23b3-4d1e-8c24-e90ef6aa15de.jpg,b4e40471c7bdcd1bbf17b677d744b0bdde3d58a0b978c64d20184c6c6ea747e3,plastic,plastic,plastic,True,True,0.99609375,exact_train_file,0.0,0.99609375,0.0
plastic/dbbb8d63-b989-4f0b-b66a-9cc42f278b7f.jpg,df6fd0ca71bcc35a83fe2941cc2173863f7426944de8089e0ac0967924ebca13,plastic,plastic,plastic,True,True,0.99609375,exact_train_file,0.0,0.99609375,0.0
plastic/dc34a99f-d23b-4725-b222-0b0bf853e536.jpg,e3b8ed7519d927454d6fa363379deac752a20420ec68b9062d0f685c4b933f77,plastic,plastic,plastic,True,True,0.99609375,exact_train_file,0.0,0.99609375,0.0
plastic/dd279e87-5e91-4ed2-bb99-281b855da4c3.jpg,54d7affe38289cd0792ebb9b1eaae5cea9e9e5856dfe1274d0b1e88c4c615cc8,plastic,plastic,plastic,True,True,0.99609375,exact_train_file,0.0,0.99609375,0.0
plastic/e50f7aba-3d3f-4ead-8521-9b01bbceb8d9.jpg,671785e95598e414e7bbc44d3906466416ee77ff433a22d715304e2dc63167d1,plastic,plastic,plastic,True,True,0.99609375,exact_train_file,0.0,0.99609375,0.0
plastic/e6b75e5a-e089-421b-905b-5e0f3d0e512a.jpg,e5110884b7be7ad48a361087f8f40b13c91a60b14e55a83c9b615e943a1ab9bd,plastic,plastic,plastic,True,True,0.99609375,exact_train_file,0.0,0.99609375,0.0
plastic/ea832acc-9f32-4d48-9ad1-a9ad25667819.jpg,af74740deaeeb17a8c9a7449fe163b400494405f25d4ae695843cfa78dfbe350,plastic,plastic,plastic,True,True,0.96875,heldout_test,0.02734375,0.96875,0.00390625
plastic/eab0f090-735d-4db0-b430-99d673597039.jpg,ebab8a4bd412fb14911ec726c39fcaa22a547427c3ac4bc2a4158f3489dbe3b4,plastic,plastic,plastic,True,True,0.98046875,exact_train_file,0.01953125,0.98046875,0.0
plastic/f879b907-4010-433a-bd63-27062b7ae7c6.jpg,acadde290c63a0390a2fc34396e017589599cc29e3c631d074f7c7886abd2be2,plastic,plastic,plastic,True,True,0.99609375,exact_train_file,0.0,0.99609375,0.0
plastic/ff7a19d6-c1f2-438f-b7d3-9b1990963d2d.jpg,9816649af476d9556908edcdf3f68b275fcc2c29952b0b0fbf8e6f0bf6db2398,plastic,plastic,plastic,True,True,0.9921875,exact_train_file,0.0078125,0.9921875,0.0
plastic/plastic_016.jpg,0448f2e96e05114e872218d42dafc0a357cbdc1e61f15fac1f0f9ed760667eeb,plastic,plastic,plastic,True,True,0.99609375,exact_train_file,0.0,0.99609375,0.0
plastic/plastic_016__aug_v2_01.jpg,8fff348274e3fd6dd6eec3787c37c76c19c581c8fd4e78fd50176baeb7db974c,plastic,plastic,plastic,True,True,0.99609375,exact_train_file,0.0,0.99609375,0.0
plastic/plastic_016__aug_v2_02.jpg,2c4589e09f73cde5da2476b6a2311eff412cb66d2dd7101b00c104d5bb547633,plastic,plastic,plastic,True,True,0.99609375,exact_train_file,0.0,0.99609375,0.0
plastic/plastic_016__aug_v2_03.jpg,0405a766e3dc127a52c3007adcc1a148e84d68db8a20f14722332697afd31b54,plastic,plastic,plastic,True,True,0.99609375,exact_train_file,0.0,0.99609375,0.0
plastic/plastic_016__aug_v2_04.jpg,4e2211135bdb53bcc105f1344e5a7520450b97b54c0a125db744e329f32ee6ef,plastic,plastic,plastic,True,True,0.99609375,exact_train_file,0.0,0.99609375,0.0
plastic/plastic_016__aug_v2_05.jpg,3542d1936501b1c34104fc74e0e45bebfc30f902872929588a26eb1bb9920d1a,plastic,plastic,plastic,True,True,0.99609375,exact_train_file,0.0,0.99609375,0.0
plastic/plastic_016__aug_v2_06.jpg,13087ead3a1777a5dac1ce9078146b8bb33e8eb535e59fdde20f70d0b2742625,plastic,plastic,plastic,True,True,0.99609375,exact_train_file,0.0,0.99609375,0.0
plastic/plastic_016__aug_v2_07.jpg,66e4687cf8d277ecbc495a5c315d9c8f063c779768bc4faeb24a53fdf4595155,plastic,plastic,plastic,True,True,0.99609375,exact_train_file,0.0,0.99609375,0.0
plastic/plastic_016__aug_v2_08.jpg,bcbc2c083e065849b0fd04b98a0338138844dcca79cebdb7326917147a67dc7f,plastic,plastic,plastic,True,True,0.99609375,exact_train_file,0.00390625,0.99609375,0.0
plastic/plastic_016__aug_v2_09.jpg,be2fd487669cba87c1e08462b930a5bcc6a3bd25e85bd6a9005b9603aa16bc1a,plastic,plastic,plastic,True,True,0.99609375,exact_train_file,0.0,0.99609375,0.0
plastic/plastic_017.jpg,0de66f0e59a872cb1da878ea706b800e7fb66ac2d11b372d1c9621d7282891f8,plastic,plastic,plastic,True,True,0.99609375,exact_train_file,0.0,0.99609375,0.0
plastic/plastic_017__aug_v2_01.jpg,093009c539a3aff2de0c6a96ea3d799e81c9c4886e31a0755750a3a7d77dd7ea,plastic,plastic,plastic,True,True,0.99609375,exact_train_file,0.0,0.99609375,0.0
plastic/plastic_017__aug_v2_02.jpg,e0eb5e9892c0f218d86ab55a449a0dae21b959bd6a0e9a2dd2f44818548cc938,plastic,plastic,plastic,True,True,0.99609375,exact_train_file,0.0,0.99609375,0.0
plastic/plastic_017__aug_v2_03.jpg,14a2bb9460bbcfc27f7da369361b3d7a3530e77f90434f4e8f3097335d13a723,plastic,plastic,plastic,True,True,0.99609375,exact_train_file,0.0,0.99609375,0.0
plastic/plastic_017__aug_v2_04.jpg,586f253305810df2a3dfd6318b9a41c2ba76e2b53d6963d1245509b16a6d84f5,plastic,plastic,plastic,True,True,0.99609375,exact_train_file,0.0,0.99609375,0.0
plastic/plastic_017__aug_v2_05.jpg,1c3a8d072f32de915356b729d7eca7ab24ce0f1a12e197fbd7e140b989e6460f,plastic,plastic,plastic,True,True,0.99609375,exact_train_file,0.0,0.99609375,0.0
plastic/plastic_017__aug_v2_06.jpg,4d4faada90e0487aa5c1d52f0056629739deed8d70e498104952ca5cf19142bd,plastic,plastic,plastic,True,True,0.99609375,exact_train_file,0.0,0.99609375,0.0
plastic/plastic_017__aug_v2_07.jpg,8378208d202070d88ef72784eb569dfd815ca89dd036ee1af1172e69beb056f8,plastic,plastic,plastic,True,True,0.99609375,exact_train_file,0.0,0.99609375,0.0
plastic/plastic_017__aug_v2_08.jpg,b1d4591b417fbc56acd70c30712f78c74932d6a11d3ba89893958e4cba8c460a,plastic,plastic,plastic,True,True,0.99609375,exact_train_file,0.0,0.99609375,0.0
plastic/plastic_017__aug_v2_09.jpg,e926ada5730108460afbc6e7fa4f4df63d777d2563855a3986d3c38c6e099fa7,plastic,plastic,plastic,True,True,0.99609375,exact_train_file,0.0,0.99609375,0.0
plastic/plastic_018.jpg,ec18ec84c93afde36d70cb559b13648fe558215bbbd484880253d227b910f034,plastic,plastic,plastic,True,True,0.99609375,exact_train_file,0.0,0.99609375,0.0
plastic/plastic_018__aug_v2_01.jpg,7cf6640f3e8aa538efb77c6c2e04ae30696d93d177ad43acd714c79e47842dfa,plastic,plastic,plastic,True,True,0.99609375,exact_train_file,0.0,0.99609375,0.0
plastic/plastic_018__aug_v2_02.jpg,2c7413f76e8c7a0215005fad529c363899dff3f0a2fa6cdf7894734edb22d364,plastic,plastic,plastic,True,True,0.99609375,exact_train_file,0.0,0.99609375,0.0
plastic/plastic_018__aug_v2_03.jpg,c1603d5ed78ff087d280c15dd03741719dfc5ef4cbeca6e4e4a47d7f835cdbec,plastic,plastic,plastic,True,True,0.99609375,exact_train_file,0.0,0.99609375,0.0
plastic/plastic_018__aug_v2_04.jpg,1270b65f2a19c1cacb0f192c88bf76f80977fca5bfd080eb9a1dd7e045634dfe,plastic,plastic,plastic,True,True,0.99609375,exact_train_file,0.0,0.99609375,0.00390625
plastic/plastic_018__aug_v2_05.jpg,b7670a44bade5e63881d44c315ed92c0b7cf38df3eedf81e84b4a01c932bff62,plastic,plastic,plastic,True,True,0.99609375,exact_train_file,0.0,0.99609375,0.0
plastic/plastic_018__aug_v2_06.jpg,19dfb5535108824a40e3f2e62226c873301f300c1d73b84fde53f92df703598e,plastic,plastic,plastic,True,True,0.99609375,exact_train_file,0.0,0.99609375,0.0
plastic/plastic_018__aug_v2_07.jpg,6d441087919ee78c268135acf66f1b360efa4fdcfaca25d48f76a4bc033293e8,plastic,plastic,plastic,True,True,0.99609375,exact_train_file,0.0,0.99609375,0.0
plastic/plastic_018__aug_v2_08.jpg,431047835f20c15b0293c4da4ac1ff9e088670cc7f06e60d8fb866e1279af163,plastic,plastic,plastic,True,True,0.99609375,exact_train_file,0.0,0.99609375,0.0
plastic/plastic_018__aug_v2_09.jpg,778353e28e6ccd36040fe90031bceb893f3bdb7cc9787806fcf0eefb77e5bb09,plastic,plastic,plastic,True,True,0.99609375,exact_train_file,0.0,0.99609375,0.0
plastic/plastic_019.jpg,08ca09140859d8878a54e757ef27554eb7eb803c6efb41ea8e4f48cff67913f6,plastic,plastic,plastic,True,True,0.99609375,exact_train_file,0.0,0.99609375,0.0
plastic/plastic_019__aug_v2_01.jpg,97c71a60aa116da6275db4d537e02a51990e88e51d1e2fabfb99595589b4b125,plastic,plastic,plastic,True,True,0.99609375,exact_train_file,0.0,0.99609375,0.0
plastic/plastic_019__aug_v2_02.jpg,a0a38fc1ab89bb0de218891493fbde72d2e72b0ce39d4408518f746a2cea0685,plastic,plastic,plastic,True,True,0.99609375,exact_train_file,0.0,0.99609375,0.0
plastic/plastic_019__aug_v2_03.jpg,cb2b8f2976f6fa77c47250a1cc152bb4e218599445db0bb4a382e79a19fe801a,plastic,plastic,plastic,True,True,0.99609375,exact_train_file,0.0,0.99609375,0.00390625
plastic/plastic_019__aug_v2_04.jpg,7f3e8a427d2f58e1c27553ff6b971e13406e00c995145a0c48cce89350eef61c,plastic,plastic,plastic,True,True,0.99609375,exact_train_file,0.00390625,0.99609375,0.00390625
plastic/plastic_019__aug_v2_05.jpg,903f7187bf4e7bff8c46ad1bd212fcba39c33b7e8e2366637e6479182245661c,plastic,plastic,plastic,True,True,0.99609375,exact_train_file,0.0,0.99609375,0.0
plastic/plastic_019__aug_v2_06.jpg,c65cb48ecab00b5690b7d94d3f4a55995d6b4644a36f84b0cf7adc646e7b1ce3,plastic,plastic,plastic,True,True,0.99609375,exact_train_file,0.0,0.99609375,0.0
plastic/plastic_019__aug_v2_07.jpg,b05feed4af54795e2261b5177a9c9bea42b793bb2625a780c1c7e19d527a3e89,plastic,plastic,plastic,True,True,0.99609375,exact_train_file,0.0,0.99609375,0.0
plastic/plastic_019__aug_v2_08.jpg,f60ff584e5520fdcba486d856a6944468590195c5b717cabdac27f7ffb42ee4b,plastic,plastic,plastic,True,True,0.9921875,exact_train_file,0.0,0.9921875,0.0078125
plastic/plastic_019__aug_v2_09.jpg,61868be3dd0a5790926214babec2d531ae4001c6e414ed63ef536a72e211b161,plastic,plastic,plastic,True,True,0.99609375,exact_train_file,0.0,0.99609375,0.0
plastic/plastic_020.jpg,c6f34ff06842eea0c5ba63a03ff1ba2659f272398359659671ba5cbc09200259,plastic,plastic,plastic,True,True,0.99609375,exact_train_file,0.0,0.99609375,0.0
plastic/plastic_020__aug_v2_01.jpg,f2a430214d8278135c5bc3444fc265344ce290014de8f5d8713cca5b91beaac7,plastic,plastic,plastic,True,True,0.99609375,exact_train_file,0.0,0.99609375,0.0
plastic/plastic_020__aug_v2_02.jpg,933a2768d6c375cafeb066cb6c2d8292956be3ee629d0d142d23bece1212518e,plastic,plastic,plastic,True,True,0.99609375,exact_train_file,0.0,0.99609375,0.0
plastic/plastic_020__aug_v2_03.jpg,47a395dacd6e534feafeef5b417c5f12a195a3452a98400f01748a6376e97491,plastic,plastic,plastic,True,True,0.99609375,exact_train_file,0.0,0.99609375,0.0
plastic/plastic_020__aug_v2_04.jpg,16349326f07679fdaf0f78859da76acfa840d307c6ea565dfde90696654afe8d,plastic,plastic,plastic,True,True,0.99609375,exact_train_file,0.0,0.99609375,0.0
plastic/plastic_020__aug_v2_05.jpg,313b888bac5b061b2ce3399a36d144d69b896ba8960d264a065b3d5931d9547e,plastic,plastic,plastic,True,True,0.99609375,exact_train_file,0.0,0.99609375,0.0
plastic/plastic_020__aug_v2_06.jpg,7531092ca254499807028cbff26b52261016ad2a2fc182002ee1cc11f5a6a19d,plastic,plastic,plastic,True,True,0.99609375,exact_train_file,0.0,0.99609375,0.0
plastic/plastic_020__aug_v2_07.jpg,24d49dfdf1a901117fa66a90c102a6bd4d89162700e91ebfec2a2130c7821aec,plastic,plastic,plastic,True,True,0.99609375,exact_train_file,0.0,0.99609375,0.0
plastic/plastic_020__aug_v2_08.jpg,defb9f5252b1f555e6b56f3a6a468e6cd5b79ee9b2ad79bd98977c2163900957,plastic,plastic,plastic,True,True,0.99609375,exact_train_file,0.0,0.99609375,0.0
plastic/plastic_020__aug_v2_09.jpg,c4bb950bcf5351344daedfd08da4514296399665ce1aba05ef887e252fe7c8cb,plastic,plastic,plastic,True,True,0.99609375,exact_train_file,0.0,0.99609375,0.0
organic/029cbe89-92f1-4d66-a857-5dbc8be06200.jpg,e565ca3707879767263d5c2f7bf4729e1b968fc956f192b80533c9a1cd41f9e2,organic,organic,organic,True,True,0.99609375,heldout_validation,0.0,0.0,0.99609375
organic/0fbc4754-ce81-4c56-94b7-bf4205ba1dfa.jpg,d6b1c54c5560d6fe70445ccf89b0b3c5d715a957ccc4e954b67727901d0f8777,organic,organic,organic,True,True,0.99609375,heldout_validation,0.0,0.0,0.99609375
organic/174eb404-de45-41c8-926f-a0a3d817782b.jpg,da664ebfd9b306fae3ca3de53487741c52fde8f0d61e4644c5a0e3a0698d5c77,organic,organic,organic,True,True,0.99609375,heldout_validation,0.0,0.0,0.99609375
organic/1bbe3524-aed4-4163-b2d9-8368fc54429f.jpg,1cd209997e4e4859676cfe8623ef1dd6d96dbb27e630e462fe1956aa57d9befe,organic,organic,organic,True,True,0.99609375,exact_train_file,0.0,0.0,0.99609375
organic/2ce2ee73-d1b7-4e56-87c3-d2bcbad90c45.jpg,b2b03d9a9fe6c13fe7bb0ccd73e2a560b019019d8cc8a98b259f17ae55ab3269,organic,organic,organic,True,True,0.99609375,exact_train_file,0.0,0.0,0.99609375
organic/31bf9d4a-5c8e-4780-a75e-cf05090b8a6b.jpg,c97463d8f9be8ef2415472216c8871d65595fe98bd6c6ae53ba2777c9d3aad5c,organic,organic,organic,True,True,0.9921875,heldout_validation,0.00390625,0.00390625,0.9921875
organic/37e8f933-178d-492c-b341-e40bb83dcc1e.jpg,287e237fdf77ed28c1c86983e02282156c53fa5c165676e204d5ddc2244e5912,organic,organic,organic,True,True,0.99609375,exact_train_file,0.0,0.0,0.99609375
organic/38901fe7-33a3-46e1-acd9-1e3113e395f0.jpg,621ade6e55376fd27261f110bfa2cc2b57b6f42299224c339816c42a73326fa9,organic,organic,organic,True,True,0.99609375,exact_train_file,0.0,0.0,0.99609375
organic/3de8f373-6b8e-4d8d-a302-543850723399.jpg,b7bce763e64d510a37b524c8599e9d4faa185ff9c319b6fb38bea4bd6994d642,organic,organic,organic,True,True,0.99609375,heldout_test,0.0,0.0,0.99609375
organic/4afd3248-c9b2-4404-b523-f770c2598710.jpg,003b48185cd763b1929b200a5831e6d4104dbc8db1934be1c01094c77c52d14d,organic,organic,organic,True,True,0.98828125,heldout_test,0.0,0.0078125,0.98828125
organic/58705416-20d3-4458-aa50-16977a209e9e.jpg,3ac8da31f4752b6251c9fbd36c567a224862a6a9a859a8bf375a8ad58d0ec6e1,organic,organic,organic,True,True,0.99609375,heldout_validation,0.0,0.0,0.99609375
organic/5b19b28c-d021-45ad-80a7-1609642dc69b.jpg,9e793bf0bdcfc4609a8b00a5458f0c1be2f4180f860e320aa6cf111fafca45e4,organic,organic,organic,True,True,0.99609375,exact_train_file,0.0,0.0,0.99609375
organic/6da78c88-e719-4ce5-8884-af59627a06e5.jpg,33c0326cb1824fa5350c14ace2c4f14225708442fbb5091abffa5a377a1415a0,organic,organic,organic,True,True,0.99609375,exact_train_file,0.0,0.0,0.99609375
organic/6fe2210f-9266-462c-84d7-1810e02d795e.jpg,5184984424f4bbd57780a16b90b296a51d7b6e0780359c2b80102139dfeec322,organic,organic,organic,True,True,0.99609375,exact_train_file,0.0,0.0,0.99609375
organic/8e258721-91b6-47c6-99ba-365d2224cdfd.jpg,94ac975ad0c8def0a646712469924f4bfb864975dc0156b32688e44826a6c16d,organic,organic,organic,True,True,0.99609375,heldout_validation,0.0,0.0,0.99609375
organic/96fb9347-0c45-43b9-a6fd-cb017402a3fb.jpg,0a68777b4fc1ab15198be26237efa3d1c419fc319acac79286238a0a0448d380,organic,organic,organic,True,True,0.99609375,heldout_test,0.0,0.0,0.99609375
organic/9cb80350-e1f8-4d23-ba06-c67746404c9c.jpg,caea67389d7c21010494cada20405d12fa7356e2e1bd4df64c339a3d31eed81d,organic,organic,organic,True,True,0.99609375,exact_train_file,0.0,0.0,0.99609375
organic/a4221828-f488-4c37-9bc1-174f092ebbc1.jpg,55447fae962ad5bdc16974741eff42264e959941a6932c9d1acca22842431ed0,organic,organic,organic,True,True,0.953125,heldout_test,0.0,0.046875,0.953125
organic/ab069714-7214-4253-b632-59afae5663ed.jpg,0796b457a4536fbbc5cd157b9434190379360165c5f02ddd19d41c439c4d4a9f,organic,organic,organic,True,True,0.98046875,exact_train_file,0.0,0.015625,0.98046875
organic/afa1a907-bc43-4caf-8b03-16f253ade7f5.jpg,934504c4a65a6feb19151ad21a64fb9d91887da9697cb0468c3608a55900e1ff,organic,organic,organic,True,True,0.99609375,exact_train_file,0.0,0.0,0.99609375
organic/b2585b68-2a94-480d-b8bd-c1a7e3f3e997.jpg,2b82ef08b61cbf1f6803cd57c243609fddaf4e4d6e4ab1f4ef05545e17cf82bd,organic,organic,organic,True,True,0.99609375,exact_train_file,0.0,0.0,0.99609375
organic/c364827b-3a38-46d8-961b-fbe6e2b5ea59.jpg,8bb604bcee753ddfc857661349d3dd5bb72e4fa3677d9290abeb42e22025054b,organic,organic,organic,True,True,0.99609375,exact_train_file,0.0,0.0,0.99609375
organic/c8b51d2b-e3d3-449b-a924-6ffb71cea846.jpg,12a4845386f0d6ecc304c496fa8de91bee864e3ae04df68b79f31cd6f1cff9a0,organic,organic,organic,True,True,0.99609375,exact_train_file,0.0,0.0,0.99609375
organic/cc77529b-271c-4ef7-a047-fb9e8ddb9eb1.jpg,2fead35444b7b2e11f87015070bc38634c7487c4ed0c889a8e1d1e65e096b0b3,organic,organic,organic,True,True,0.99609375,heldout_test,0.0,0.0,0.99609375
organic/d11aafc7-3a59-45c8-a333-ad9b762f2a3f.jpg,d92ca08777646e1c5bcfe06a7b4ec85f4b9b740d9a83fb94a1a8ac8b7bf0bd19,organic,organic,organic,True,True,0.98828125,exact_train_file,0.0078125,0.0078125,0.98828125
organic/d1e769cc-f9bc-4644-8af5-829dff6f9729.jpg,cf9da5f62433c74a216834366e01747cc414c84c3941373cef62fcd910310aba,organic,organic,organic,True,True,0.99609375,exact_train_file,0.0,0.0,0.99609375
organic/dad1b121-8cd0-4287-9842-d0304bb62253.jpg,19d7b05e365ac75aee4b3a6e83616ae8d075dc35a12f8ff950ebd80dbd314066,organic,organic,organic,True,True,0.99609375,exact_train_file,0.0,0.0,0.99609375
organic/de5ac588-8dc7-42f3-92df-ba5203d84191.jpg,9b4af0592163fbc74425f01492ad188d540b0d2d58c25dd754287f9c0571390d,organic,organic,organic,True,True,0.9921875,exact_train_file,0.0078125,0.0,0.9921875
organic/e7e5cb6d-bffd-4214-aa21-da05d6741d00.jpg,5b5e695af58d17117607bacd2949f46c7d3e348f59e9303597cce6e2dc574644,organic,organic,organic,True,True,0.99609375,exact_train_file,0.0,0.0,0.99609375
organic/e8cac581-2db8-498a-84dc-2ed19b828365.jpg,7f16b638ed7ecdeac1cc64436b25cbcf6e60dd2a217b7d7610f76354a5f70705,organic,organic,organic,True,True,0.99609375,exact_train_file,0.0,0.0,0.99609375
organic/eb5adf75-d0f9-4eb3-8f87-18c391eacfaa.jpg,6f8f0d3751f83f9bba32791c2b400f463bf949c82bfa4c1625f6627a3e536545,organic,organic,organic,True,True,0.99609375,heldout_test,0.0,0.0,0.99609375
organic/ed180c1a-cd62-43e2-b424-c6143bd24eb8.jpg,35b6626ab2d5f6d27733072a0ff69d73594d3ef251aecc61553694b83ee65806,organic,organic,organic,True,True,0.9921875,exact_train_file,0.0078125,0.00390625,0.9921875
