relative_path,split,label,label_id,kind,source_relative_path,source_name,source_group,visual_group,online_augment,sha256,source_sha256,width,height
train/organic/organic_train_existing_aug_001.jpg,train,organic,2,existing_augmentation,train/organic/organic_008__aug_v2_01.jpg,organic_008__aug_v2_01,organic/organic_008,lime_legacy,False,e366a472fcb65241015233e2c09e79be7e163ac8ffd8fb5d4bbf72a42bd90c59,e366a472fcb65241015233e2c09e79be7e163ac8ffd8fb5d4bbf72a42bd90c59,320,240
train/organic/organic_train_existing_aug_002.jpg,train,organic,2,existing_augmentation,train/organic/organic_008__aug_v2_02.jpg,organic_008__aug_v2_02,organic/organic_008,lime_legacy,False,7df4a531453a919e40fc2c796975251d125967eb708c9402c068466e589c2852,7df4a531453a919e40fc2c796975251d125967eb708c9402c068466e589c2852,320,240
train/organic/organic_train_existing_aug_003.jpg,train,organic,2,existing_augmentation,train/organic/organic_008__aug_v2_03.jpg,organic_008__aug_v2_03,organic/organic_008,lime_legacy,False,02a86b308926fc0b4e1335e70afe483d24e2a993a8ce9529f1bb39943953e300,02a86b308926fc0b4e1335e70afe483d24e2a993a8ce9529f1bb39943953e300,320,240
train/organic/organic_train_existing_aug_004.jpg,train,organic,2,existing_augmentation,train/organic/organic_008__aug_v2_04.jpg,organic_008__aug_v2_04,organic/organic_008,lime_legacy,False,f5aeba754be224bba27ceb2385dc316266ff3109c85fff84b9cc2121d586c940,f5aeba754be224bba27ceb2385dc316266ff3109c85fff84b9cc2121d586c940,320,240
train/organic/organic_train_existing_aug_005.jpg,train,organic,2,existing_augmentation,train/organic/organic_008__aug_v2_05.jpg,organic_008__aug_v2_05,organic/organic_008,lime_legacy,False,eac33f9bc3b0d486a0cbe9aa4e229a4252dff316cc7a5376fff1ee1768ee61e7,eac33f9bc3b0d486a0cbe9aa4e229a4252dff316cc7a5376fff1ee1768ee61e7,320,240
train/organic/organic_train_existing_aug_006.jpg,train,organic,2,existing_augmentation,train/organic/organic_008__aug_v2_06.jpg,organic_008__aug_v2_06,organic/organic_008,lime_legacy,False,b43519f18462380b3f537e5d3e7e9ee49d38d379db38bd597965abc46152ced5,b43519f18462380b3f537e5d3e7e9ee49d38d379db38bd597965abc46152ced5,320,240
train/organic/organic_train_existing_aug_007.jpg,train,organic,2,existing_augmentation,train/organic/organic_008__aug_v2_07.jpg,organic_008__aug_v2_07,organic/organic_008,lime_legacy,False,8ec55c33dc0c6a746e3de1affdfb6337e0cb4c0eefbbe2dc2dd962cbb29d1e43,8ec55c33dc0c6a746e3de1affdfb6337e0cb4c0eefbbe2dc2dd962cbb29d1e43,320,240
train/organic/organic_train_existing_aug_008.jpg,train,organic,2,existing_augmentation,train/organic/organic_008__aug_v2_08.jpg,organic_008__aug_v2_08,organic/organic_008,lime_legacy,False,9b98a878a5d25a3cf6f6e75a7c3f1ec1ba678432be23ffc9ff636c2dc3729801,9b98a878a5d25a3cf6f6e75a7c3f1ec1ba678432be23ffc9ff636c2dc3729801,320,240
train/organic/organic_train_existing_aug_009.jpg,train,organic,2,existing_augmentation,train/organic/organic_008__aug_v2_09.jpg,organic_008__aug_v2_09,organic/organic_008,lime_legacy,False,13f1b5308507a6c42d06c9c2df597c6a2cb6cddee6e9e2e43ba69984e956ffee,13f1b5308507a6c42d06c9c2df597c6a2cb6cddee6e9e2e43ba69984e956ffee,320,240
train/organic/organic_train_existing_aug_010.jpg,train,organic,2,existing_augmentation,train/organic/organic_009__aug_v2_01.jpg,organic_009__aug_v2_01,organic/organic_009,lime_legacy,False,9e568217a40d8fa22022788db68b99b40442a187dda6afa46b6b1612865209c3,9e568217a40d8fa22022788db68b99b40442a187dda6afa46b6b1612865209c3,320,240
train/organic/organic_train_existing_aug_011.jpg,train,organic,2,existing_augmentation,train/organic/organic_009__aug_v2_02.jpg,organic_009__aug_v2_02,organic/organic_009,lime_legacy,False,e39f0bc8ebf3666805f6a6b9c84e570b1557966d0fae44178e1249c063dab306,e39f0bc8ebf3666805f6a6b9c84e570b1557966d0fae44178e1249c063dab306,320,240
train/organic/organic_train_existing_aug_012.jpg,train,organic,2,existing_augmentation,train/organic/organic_009__aug_v2_03.jpg,organic_009__aug_v2_03,organic/organic_009,lime_legacy,False,c8695fe676e68915552e6342acc1634acb450c534779d209b110b4b149c373f1,c8695fe676e68915552e6342acc1634acb450c534779d209b110b4b149c373f1,320,240
train/organic/organic_train_existing_aug_013.jpg,train,organic,2,existing_augmentation,train/organic/organic_009__aug_v2_04.jpg,organic_009__aug_v2_04,organic/organic_009,lime_legacy,False,88948688786196805d5826c139f4516fd386bd8f197c8947ba3d6a7de199812f,88948688786196805d5826c139f4516fd386bd8f197c8947ba3d6a7de199812f,320,240
train/organic/organic_train_existing_aug_014.jpg,train,organic,2,existing_augmentation,train/organic/organic_009__aug_v2_05.jpg,organic_009__aug_v2_05,organic/organic_009,lime_legacy,False,9b978b0a6f41c606508a2db6b117ca7b50fddbf11dc0b443c05b99df66f3b907,9b978b0a6f41c606508a2db6b117ca7b50fddbf11dc0b443c05b99df66f3b907,320,240
train/organic/organic_train_existing_aug_015.jpg,train,organic,2,existing_augmentation,train/organic/organic_009__aug_v2_06.jpg,organic_009__aug_v2_06,organic/organic_009,lime_legacy,False,64e62c33679c594723ec173ded044a4fe2541a2b4e1ed7f694993839c4db5123,64e62c33679c594723ec173ded044a4fe2541a2b4e1ed7f694993839c4db5123,320,240
train/organic/organic_train_existing_aug_016.jpg,train,organic,2,existing_augmentation,train/organic/organic_009__aug_v2_07.jpg,organic_009__aug_v2_07,organic/organic_009,lime_legacy,False,c788f437543853891bcc915ec5f6c328dbfd1870b764a5f5352f43344d09988d,c788f437543853891bcc915ec5f6c328dbfd1870b764a5f5352f43344d09988d,320,240
train/organic/organic_train_existing_aug_017.jpg,train,organic,2,existing_augmentation,train/organic/organic_009__aug_v2_08.jpg,organic_009__aug_v2_08,organic/organic_009,lime_legacy,False,778df973776d2979d0d2db879b5a66cdfd47a4afa21dd2c1ce2e0bb98c2beeba,778df973776d2979d0d2db879b5a66cdfd47a4afa21dd2c1ce2e0bb98c2beeba,320,240
train/organic/organic_train_existing_aug_018.jpg,train,organic,2,existing_augmentation,train/organic/organic_009__aug_v2_09.jpg,organic_009__aug_v2_09,organic/organic_009,lime_legacy,False,5f63d288613d5962d0956e525bd77b962f26b0a59e8f376a3e80aff531e624a3,5f63d288613d5962d0956e525bd77b962f26b0a59e8f376a3e80aff531e624a3,320,240
train/organic/organic_train_existing_aug_019.jpg,train,organic,2,existing_augmentation,train/organic/organic_019__aug_v2_01.jpg,organic_019__aug_v2_01,organic/organic_019,rambutan,False,c779cf6737c2ca1b5e68fea2da8dd2db80d9c316d32b86c9b0b9693c14b228cc,c779cf6737c2ca1b5e68fea2da8dd2db80d9c316d32b86c9b0b9693c14b228cc,320,240
train/organic/organic_train_existing_aug_020.jpg,train,organic,2,existing_augmentation,train/organic/organic_019__aug_v2_02.jpg,organic_019__aug_v2_02,organic/organic_019,rambutan,False,dadc012a1a80ca56f72768f1de926cbd35befa29a5429f8c426da378b6e3275a,dadc012a1a80ca56f72768f1de926cbd35befa29a5429f8c426da378b6e3275a,320,240
train/organic/organic_train_existing_aug_021.jpg,train,organic,2,existing_augmentation,train/organic/organic_019__aug_v2_03.jpg,organic_019__aug_v2_03,organic/organic_019,rambutan,False,3ca4306da26cab1a88f8f8b962ea675c17c713a3f927dca4578a735943af8ee0,3ca4306da26cab1a88f8f8b962ea675c17c713a3f927dca4578a735943af8ee0,320,240
train/organic/organic_train_existing_aug_022.jpg,train,organic,2,existing_augmentation,train/organic/organic_019__aug_v2_04.jpg,organic_019__aug_v2_04,organic/organic_019,rambutan,False,d6e25da327ec25ed889415f40f3ae5491d2bfec5643bded7bbacddcad0eca7e2,d6e25da327ec25ed889415f40f3ae5491d2bfec5643bded7bbacddcad0eca7e2,320,240
train/organic/organic_train_existing_aug_023.jpg,train,organic,2,existing_augmentation,train/organic/organic_019__aug_v2_05.jpg,organic_019__aug_v2_05,organic/organic_019,rambutan,False,65bbc54e488ccf24d114ace2090124826e164d23825ae906a925fb01348106aa,65bbc54e488ccf24d114ace2090124826e164d23825ae906a925fb01348106aa,320,240
train/organic/organic_train_existing_aug_024.jpg,train,organic,2,existing_augmentation,test/organic/organic_019__aug_v2_06.jpg,organic_019__aug_v2_06,organic/organic_019,rambutan,False,3f8dedfe581982fc09d5ae87e4be81f870d28d9e703b37bca577327452cfdffc,3f8dedfe581982fc09d5ae87e4be81f870d28d9e703b37bca577327452cfdffc,320,240
train/organic/organic_train_existing_aug_025.jpg,train,organic,2,existing_augmentation,test/organic/organic_019__aug_v2_07.jpg,organic_019__aug_v2_07,organic/organic_019,rambutan,False,84e37681a312ef485f09cae5974a2b129a3438835020d789343847911f2ace0f,84e37681a312ef485f09cae5974a2b129a3438835020d789343847911f2ace0f,320,240
train/organic/organic_train_existing_aug_026.jpg,train,organic,2,existing_augmentation,validation/organic/organic_019__aug_v2_08.jpg,organic_019__aug_v2_08,organic/organic_019,rambutan,False,0a4c270c9aa622e561bfa7b4da5ac476cbd2e44679cd188f08de11dc0bd70af7,0a4c270c9aa622e561bfa7b4da5ac476cbd2e44679cd188f08de11dc0bd70af7,320,240
train/organic/organic_train_existing_aug_027.jpg,train,organic,2,existing_augmentation,validation/organic/organic_019__aug_v2_09.jpg,organic_019__aug_v2_09,organic/organic_019,rambutan,False,852f5dbd5507f2c911e89740de00b6120256929fae26a3350b5d7f2f2263c3c8,852f5dbd5507f2c911e89740de00b6120256929fae26a3350b5d7f2f2263c3c8,320,240
train/organic/organic_train_existing_aug_028.jpg,train,organic,2,existing_augmentation,train/organic/organic_020__aug_v2_01.jpg,organic_020__aug_v2_01,organic/organic_020,rambutan,False,018859a4684ed59b69fa084d313ddee045d8ad99f090ace6963ec5553df3e9f6,018859a4684ed59b69fa084d313ddee045d8ad99f090ace6963ec5553df3e9f6,320,240
train/organic/organic_train_existing_aug_029.jpg,train,organic,2,existing_augmentation,train/organic/organic_020__aug_v2_02.jpg,organic_020__aug_v2_02,organic/organic_020,rambutan,False,f57586d8077b64cc1e25d2a19c379eadf49fd3f8be7fd9a7f9aba46f12ec3457,f57586d8077b64cc1e25d2a19c379eadf49fd3f8be7fd9a7f9aba46f12ec3457,320,240
train/organic/organic_train_existing_aug_030.jpg,train,organic,2,existing_augmentation,train/organic/organic_020__aug_v2_03.jpg,organic_020__aug_v2_03,organic/organic_020,rambutan,False,b212c98c7a35ed3551e8be86dee6d8d0f2cb9daff9e1c5f091408109c8968273,b212c98c7a35ed3551e8be86dee6d8d0f2cb9daff9e1c5f091408109c8968273,320,240
train/organic/organic_train_existing_aug_031.jpg,train,organic,2,existing_augmentation,train/organic/organic_020__aug_v2_04.jpg,organic_020__aug_v2_04,organic/organic_020,rambutan,False,f4c5cd9162e1d20d374aa191d5bdf168159366f53ea4e7b5142554cc832aab5f,f4c5cd9162e1d20d374aa191d5bdf168159366f53ea4e7b5142554cc832aab5f,320,240
train/organic/organic_train_existing_aug_032.jpg,train,organic,2,existing_augmentation,train/organic/organic_020__aug_v2_05.jpg,organic_020__aug_v2_05,organic/organic_020,rambutan,False,32a293b224c5fc2e2fa707bbecd210c787dd294776f2246c0aef6fbcac12d1db,32a293b224c5fc2e2fa707bbecd210c787dd294776f2246c0aef6fbcac12d1db,320,240
train/organic/organic_train_existing_aug_033.jpg,train,organic,2,existing_augmentation,test/organic/organic_020__aug_v2_06.jpg,organic_020__aug_v2_06,organic/organic_020,rambutan,False,fe55c3eaebd92380eb36658db5fcc7ec496ca6725d96afa8dc4cf9e888c5c3a6,fe55c3eaebd92380eb36658db5fcc7ec496ca6725d96afa8dc4cf9e888c5c3a6,320,240
train/organic/organic_train_existing_aug_034.jpg,train,organic,2,existing_augmentation,test/organic/organic_020__aug_v2_07.jpg,organic_020__aug_v2_07,organic/organic_020,rambutan,False,8b10d58608ba34666016b86bb576bd684cdb1c7763e3759640538fc76a0d9b09,8b10d58608ba34666016b86bb576bd684cdb1c7763e3759640538fc76a0d9b09,320,240
train/organic/organic_train_existing_aug_035.jpg,train,organic,2,existing_augmentation,validation/organic/organic_020__aug_v2_08.jpg,organic_020__aug_v2_08,organic/organic_020,rambutan,False,d0985b5ec7c12bc81d01d60cd4918fea2b0353db96981d15674f0d54caddff78,d0985b5ec7c12bc81d01d60cd4918fea2b0353db96981d15674f0d54caddff78,320,240
train/organic/organic_train_existing_aug_036.jpg,train,organic,2,existing_augmentation,validation/organic/organic_020__aug_v2_09.jpg,organic_020__aug_v2_09,organic/organic_020,rambutan,False,04dccabc864cfbd24ae43362895e73e88276775fd73a2d1c6a1ad5d7e1ca3399,04dccabc864cfbd24ae43362895e73e88276775fd73a2d1c6a1ad5d7e1ca3399,320,240
train/organic/organic_train_original_001.jpg,train,organic,2,original,train/organic/esp32-cam-2026-08-01T09-23-33-165Z.jpg,esp32-cam-2026-08-01T09-23-33-165Z,organic/esp32-cam-2026-08-01T09-23-33-165Z,lime_3_plus,False,9ad65c7f13407fdf2faacc3417982bdbe3bd14fb4b5dfbec2793191012bf5b37,9ad65c7f13407fdf2faacc3417982bdbe3bd14fb4b5dfbec2793191012bf5b37,320,240
train/organic/organic_train_original_002.jpg,train,organic,2,original,train/organic/esp32-cam-2026-08-01T09-23-46-307Z.jpg,esp32-cam-2026-08-01T09-23-46-307Z,organic/esp32-cam-2026-08-01T09-23-46-307Z,lime_3_plus,False,c4607765413007a73bcdda8f987dee15b4112defc6e3b855c94d3ed1b4045f47,c4607765413007a73bcdda8f987dee15b4112defc6e3b855c94d3ed1b4045f47,320,240
train/organic/organic_train_original_003.jpg,train,organic,2,original,train/organic/esp32-cam-2026-08-01T09-23-59-242Z.jpg,esp32-cam-2026-08-01T09-23-59-242Z,organic/esp32-cam-2026-08-01T09-23-59-242Z,lime_2,False,1293f206ed51132bf3c40c4330d73768121a17ddfbfbfffb894ecd2ece170a1c,1293f206ed51132bf3c40c4330d73768121a17ddfbfbfffb894ecd2ece170a1c,320,240
train/organic/organic_train_original_004.jpg,train,organic,2,original,train/organic/esp32-cam-2026-08-01T09-24-07-057Z.jpg,esp32-cam-2026-08-01T09-24-07-057Z,organic/esp32-cam-2026-08-01T09-24-07-057Z,lime_3_plus,False,db24142a4166f20643b2e4d57d4974a5ec25e0a71a6e9a2294a8bda86a2700c7,db24142a4166f20643b2e4d57d4974a5ec25e0a71a6e9a2294a8bda86a2700c7,320,240
train/organic/organic_train_original_005.jpg,train,organic,2,original,train/organic/esp32-cam-2026-08-01T09-24-14-272Z.jpg,esp32-cam-2026-08-01T09-24-14-272Z,organic/esp32-cam-2026-08-01T09-24-14-272Z,lime_1,False,d77c0abacfe7dfb381d5c048aefda92818ab6f4e4881f2db2a850297a8d3c8c5,d77c0abacfe7dfb381d5c048aefda92818ab6f4e4881f2db2a850297a8d3c8c5,320,240
train/organic/organic_train_original_006.jpg,train,organic,2,original,train/organic/esp32-cam-2026-08-01T09-25-50-582Z.jpg,esp32-cam-2026-08-01T09-25-50-582Z,organic/esp32-cam-2026-08-01T09-25-50-582Z,lime_1,False,f6a751a8405791cae42c50011af05a691b578e45c30b239b946b608d0206c2a6,f6a751a8405791cae42c50011af05a691b578e45c30b239b946b608d0206c2a6,320,240
train/organic/organic_train_original_007.jpg,train,organic,2,original,train/organic/organic_008.jpg,organic_008,organic/organic_008,lime_legacy,False,709a70d2fe432204a1dd53e469ea26e3f8fe57a528618a07a62fd290bf976968,709a70d2fe432204a1dd53e469ea26e3f8fe57a528618a07a62fd290bf976968,320,240
train/organic/organic_train_original_008.jpg,train,organic,2,original,train/organic/organic_009.jpg,organic_009,organic/organic_009,lime_legacy,False,35bafa66855ec66a1803bc7a6896caeed5dc6e586ab2448985805723b5c5e2d2,35bafa66855ec66a1803bc7a6896caeed5dc6e586ab2448985805723b5c5e2d2,320,240
train/organic/organic_train_original_009.jpg,train,organic,2,original,train/organic/organic_019.jpg,organic_019,organic/organic_019,rambutan,False,948778b39403c6ec087f7e972d7c31766e1c48f0d62c4c5e058a416c67294b68,948778b39403c6ec087f7e972d7c31766e1c48f0d62c4c5e058a416c67294b68,320,240
train/organic/organic_train_original_010.jpg,train,organic,2,original,train/organic/organic_020.jpg,organic_020,organic/organic_020,rambutan,False,b54790c8025a6646ed0c81c9d005de18cc70cbbeee04ac4e93951e77b183ff42,b54790c8025a6646ed0c81c9d005de18cc70cbbeee04ac4e93951e77b183ff42,320,240
train/organic/organic_train_v9_aug_001.jpg,train,organic,2,v9_augmentation,train/organic/esp32-cam-2026-08-01T09-23-33-165Z.jpg,esp32-cam-2026-08-01T09-23-33-165Z,organic/esp32-cam-2026-08-01T09-23-33-165Z,lime_3_plus,False,2f6014a473b9aca2a0e8d12acacfea3aeb4df64e7d2da654cab50b8476577067,9ad65c7f13407fdf2faacc3417982bdbe3bd14fb4b5dfbec2793191012bf5b37,320,240
train/organic/organic_train_v9_aug_002.jpg,train,organic,2,v9_augmentation,train/organic/esp32-cam-2026-08-01T09-24-14-272Z.jpg,esp32-cam-2026-08-01T09-24-14-272Z,organic/esp32-cam-2026-08-01T09-24-14-272Z,lime_1,False,702eb8004988ea9af8cbb8e8a8aacb845376d747de8ef1d5ea521d78e0dbe018,d77c0abacfe7dfb381d5c048aefda92818ab6f4e4881f2db2a850297a8d3c8c5,320,240
train/organic/organic_train_v9_aug_003.jpg,train,organic,2,v9_augmentation,train/organic/esp32-cam-2026-08-01T09-23-33-165Z.jpg,esp32-cam-2026-08-01T09-23-33-165Z,organic/esp32-cam-2026-08-01T09-23-33-165Z,lime_3_plus,False,80be92d9399c1ddd944747b6326dd0a3e30d202a64d13236843d269e78bec446,9ad65c7f13407fdf2faacc3417982bdbe3bd14fb4b5dfbec2793191012bf5b37,320,240
train/organic/organic_train_v9_aug_004.jpg,train,organic,2,v9_augmentation,train/organic/esp32-cam-2026-08-01T09-23-33-165Z.jpg,esp32-cam-2026-08-01T09-23-33-165Z,organic/esp32-cam-2026-08-01T09-23-33-165Z,lime_3_plus,False,0f061a19ce6eff816020648376a23c1d129c13968eb02440244d17557dd69b53,9ad65c7f13407fdf2faacc3417982bdbe3bd14fb4b5dfbec2793191012bf5b37,320,240
train/organic/organic_train_v9_aug_005.jpg,train,organic,2,v9_augmentation,train/organic/esp32-cam-2026-08-01T09-23-33-165Z.jpg,esp32-cam-2026-08-01T09-23-33-165Z,organic/esp32-cam-2026-08-01T09-23-33-165Z,lime_3_plus,False,1d3f1b1d37f6102193beb809ac3dba557a604842234a50e001337c6c37be2a3f,9ad65c7f13407fdf2faacc3417982bdbe3bd14fb4b5dfbec2793191012bf5b37,320,240
train/organic/organic_train_v9_aug_006.jpg,train,organic,2,v9_augmentation,train/organic/esp32-cam-2026-08-01T09-23-33-165Z.jpg,esp32-cam-2026-08-01T09-23-33-165Z,organic/esp32-cam-2026-08-01T09-23-33-165Z,lime_3_plus,False,dbab156de2556bd501f1fb82383b6134a53bb3ae40776b5bee390559ca02014a,9ad65c7f13407fdf2faacc3417982bdbe3bd14fb4b5dfbec2793191012bf5b37,320,240
train/organic/organic_train_v9_aug_007.jpg,train,organic,2,v9_augmentation,train/organic/esp32-cam-2026-08-01T09-23-46-307Z.jpg,esp32-cam-2026-08-01T09-23-46-307Z,organic/esp32-cam-2026-08-01T09-23-46-307Z,lime_3_plus,False,cf8ccfb52a55d7f2688a7a98b34e8cf326a64bd514a0ff5d8e6da8eaec06a75d,c4607765413007a73bcdda8f987dee15b4112defc6e3b855c94d3ed1b4045f47,320,240
train/organic/organic_train_v9_aug_008.jpg,train,organic,2,v9_augmentation,train/organic/esp32-cam-2026-08-01T09-23-46-307Z.jpg,esp32-cam-2026-08-01T09-23-46-307Z,organic/esp32-cam-2026-08-01T09-23-46-307Z,lime_3_plus,False,62d2d40bf63a66fd272fafd5a047225d14e79a6ec214acf54046fefc6f29cd9f,c4607765413007a73bcdda8f987dee15b4112defc6e3b855c94d3ed1b4045f47,320,240
train/organic/organic_train_v9_aug_009.jpg,train,organic,2,v9_augmentation,train/organic/esp32-cam-2026-08-01T09-23-46-307Z.jpg,esp32-cam-2026-08-01T09-23-46-307Z,organic/esp32-cam-2026-08-01T09-23-46-307Z,lime_3_plus,False,d0100438b66e7c7175d4b8f897d19afda719a43807f3428472ecc2a251c20771,c4607765413007a73bcdda8f987dee15b4112defc6e3b855c94d3ed1b4045f47,320,240
train/organic/organic_train_v9_aug_010.jpg,train,organic,2,v9_augmentation,train/organic/esp32-cam-2026-08-01T09-23-46-307Z.jpg,esp32-cam-2026-08-01T09-23-46-307Z,organic/esp32-cam-2026-08-01T09-23-46-307Z,lime_3_plus,False,ccd300ff6a8b58a4bb71d567bcbac734c36cab03882a2245b5e700c88ea3e6d3,c4607765413007a73bcdda8f987dee15b4112defc6e3b855c94d3ed1b4045f47,320,240
train/organic/organic_train_v9_aug_011.jpg,train,organic,2,v9_augmentation,train/organic/esp32-cam-2026-08-01T09-23-46-307Z.jpg,esp32-cam-2026-08-01T09-23-46-307Z,organic/esp32-cam-2026-08-01T09-23-46-307Z,lime_3_plus,False,dd2c91a5c75f3ba80f542376adc06f5e0173e1064572d565ab2792f75d497a50,c4607765413007a73bcdda8f987dee15b4112defc6e3b855c94d3ed1b4045f47,320,240
train/organic/organic_train_v9_aug_012.jpg,train,organic,2,v9_augmentation,train/organic/esp32-cam-2026-08-01T09-23-59-242Z.jpg,esp32-cam-2026-08-01T09-23-59-242Z,organic/esp32-cam-2026-08-01T09-23-59-242Z,lime_2,False,7f7fabc911304d2739dd13c7a54763096b991073197e020e4c3f4665d43a58a2,1293f206ed51132bf3c40c4330d73768121a17ddfbfbfffb894ecd2ece170a1c,320,240
train/organic/organic_train_v9_aug_013.jpg,train,organic,2,v9_augmentation,train/organic/esp32-cam-2026-08-01T09-23-59-242Z.jpg,esp32-cam-2026-08-01T09-23-59-242Z,organic/esp32-cam-2026-08-01T09-23-59-242Z,lime_2,False,e69b3a30f986db71d9d9bb32cc3a4c1b469e4601780650d2c5ea09b471cdcc80,1293f206ed51132bf3c40c4330d73768121a17ddfbfbfffb894ecd2ece170a1c,320,240
train/organic/organic_train_v9_aug_014.jpg,train,organic,2,v9_augmentation,train/organic/esp32-cam-2026-08-01T09-23-59-242Z.jpg,esp32-cam-2026-08-01T09-23-59-242Z,organic/esp32-cam-2026-08-01T09-23-59-242Z,lime_2,False,515004af544f5a7d4e1657e698936a14705a12d32bfdefe03329c4115d0536a2,1293f206ed51132bf3c40c4330d73768121a17ddfbfbfffb894ecd2ece170a1c,320,240
train/organic/organic_train_v9_aug_015.jpg,train,organic,2,v9_augmentation,train/organic/esp32-cam-2026-08-01T09-23-59-242Z.jpg,esp32-cam-2026-08-01T09-23-59-242Z,organic/esp32-cam-2026-08-01T09-23-59-242Z,lime_2,False,e9c18ceaa6c4bdeedb71b0cca44d45bb40f9962aad87abc2ae41a1e4675b289f,1293f206ed51132bf3c40c4330d73768121a17ddfbfbfffb894ecd2ece170a1c,320,240
train/organic/organic_train_v9_aug_016.jpg,train,organic,2,v9_augmentation,train/organic/esp32-cam-2026-08-01T09-23-59-242Z.jpg,esp32-cam-2026-08-01T09-23-59-242Z,organic/esp32-cam-2026-08-01T09-23-59-242Z,lime_2,False,4987ac212e0e6c94b8312a60eec3d97158c3c6a0baebab6cf7601c1ea2893579,1293f206ed51132bf3c40c4330d73768121a17ddfbfbfffb894ecd2ece170a1c,320,240
train/organic/organic_train_v9_aug_017.jpg,train,organic,2,v9_augmentation,train/organic/esp32-cam-2026-08-01T09-24-07-057Z.jpg,esp32-cam-2026-08-01T09-24-07-057Z,organic/esp32-cam-2026-08-01T09-24-07-057Z,lime_3_plus,False,538ce13ee412c37a70e9672b06558c9d3904ad9d71203985034b15dc945fa8f9,db24142a4166f20643b2e4d57d4974a5ec25e0a71a6e9a2294a8bda86a2700c7,320,240
train/organic/organic_train_v9_aug_018.jpg,train,organic,2,v9_augmentation,train/organic/esp32-cam-2026-08-01T09-24-07-057Z.jpg,esp32-cam-2026-08-01T09-24-07-057Z,organic/esp32-cam-2026-08-01T09-24-07-057Z,lime_3_plus,False,6a7803cbaafc989e57fce2c0f4c2b276d5855c59533cb4ae4d121f758b9dedea,db24142a4166f20643b2e4d57d4974a5ec25e0a71a6e9a2294a8bda86a2700c7,320,240
train/organic/organic_train_v9_aug_019.jpg,train,organic,2,v9_augmentation,train/organic/esp32-cam-2026-08-01T09-24-07-057Z.jpg,esp32-cam-2026-08-01T09-24-07-057Z,organic/esp32-cam-2026-08-01T09-24-07-057Z,lime_3_plus,False,95c0c88284b6ee2d03bf066daeaae5b447e8d8653136da569880d9b29b75e8b5,db24142a4166f20643b2e4d57d4974a5ec25e0a71a6e9a2294a8bda86a2700c7,320,240
train/organic/organic_train_v9_aug_020.jpg,train,organic,2,v9_augmentation,train/organic/esp32-cam-2026-08-01T09-24-07-057Z.jpg,esp32-cam-2026-08-01T09-24-07-057Z,organic/esp32-cam-2026-08-01T09-24-07-057Z,lime_3_plus,False,374f59fb7f7c785a0ef5373520b2e6c9441dc20257ecaf988d27e76a61ab3692,db24142a4166f20643b2e4d57d4974a5ec25e0a71a6e9a2294a8bda86a2700c7,320,240
train/organic/organic_train_v9_aug_021.jpg,train,organic,2,v9_augmentation,train/organic/esp32-cam-2026-08-01T09-24-07-057Z.jpg,esp32-cam-2026-08-01T09-24-07-057Z,organic/esp32-cam-2026-08-01T09-24-07-057Z,lime_3_plus,False,5563c442774cba7d5f430d3c3230c167cd3830f874a3ab7e2aada0ac83be20f7,db24142a4166f20643b2e4d57d4974a5ec25e0a71a6e9a2294a8bda86a2700c7,320,240
train/organic/organic_train_v9_aug_022.jpg,train,organic,2,v9_augmentation,train/organic/esp32-cam-2026-08-01T09-24-14-272Z.jpg,esp32-cam-2026-08-01T09-24-14-272Z,organic/esp32-cam-2026-08-01T09-24-14-272Z,lime_1,False,664dd008c30f78be43844c416ed2299ec409c561170690ff240d0eef062b474c,d77c0abacfe7dfb381d5c048aefda92818ab6f4e4881f2db2a850297a8d3c8c5,320,240
train/organic/organic_train_v9_aug_023.jpg,train,organic,2,v9_augmentation,train/organic/esp32-cam-2026-08-01T09-24-14-272Z.jpg,esp32-cam-2026-08-01T09-24-14-272Z,organic/esp32-cam-2026-08-01T09-24-14-272Z,lime_1,False,c5b01d0a3bf50368b6040d30a8ede10e79ec11ebb22a217db2b93751dc351d7b,d77c0abacfe7dfb381d5c048aefda92818ab6f4e4881f2db2a850297a8d3c8c5,320,240
train/organic/organic_train_v9_aug_024.jpg,train,organic,2,v9_augmentation,train/organic/esp32-cam-2026-08-01T09-24-14-272Z.jpg,esp32-cam-2026-08-01T09-24-14-272Z,organic/esp32-cam-2026-08-01T09-24-14-272Z,lime_1,False,b26ab597a3f0bdc271a82e2750094df6ec01444205a701c248112ffde27bd91e,d77c0abacfe7dfb381d5c048aefda92818ab6f4e4881f2db2a850297a8d3c8c5,320,240
train/organic/organic_train_v9_aug_025.jpg,train,organic,2,v9_augmentation,train/organic/esp32-cam-2026-08-01T09-24-14-272Z.jpg,esp32-cam-2026-08-01T09-24-14-272Z,organic/esp32-cam-2026-08-01T09-24-14-272Z,lime_1,False,fc1d9e1f6a71d08fbca00c80a92afe97c2c6074ca0deaa8f5f5f34810d6b4016,d77c0abacfe7dfb381d5c048aefda92818ab6f4e4881f2db2a850297a8d3c8c5,320,240
train/organic/organic_train_v9_aug_026.jpg,train,organic,2,v9_augmentation,train/organic/esp32-cam-2026-08-01T09-25-50-582Z.jpg,esp32-cam-2026-08-01T09-25-50-582Z,organic/esp32-cam-2026-08-01T09-25-50-582Z,lime_1,False,da84a71fab35003d9167f73b7d2ffac0bede35b4ae304dec3887d5290b5e9908,f6a751a8405791cae42c50011af05a691b578e45c30b239b946b608d0206c2a6,320,240
train/organic/organic_train_v9_aug_027.jpg,train,organic,2,v9_augmentation,train/organic/esp32-cam-2026-08-01T09-25-50-582Z.jpg,esp32-cam-2026-08-01T09-25-50-582Z,organic/esp32-cam-2026-08-01T09-25-50-582Z,lime_1,False,b2f280aed29107ddea2338e3cfb9e1193954bcc30ba731992941064de005bfa0,f6a751a8405791cae42c50011af05a691b578e45c30b239b946b608d0206c2a6,320,240
train/organic/organic_train_v9_aug_028.jpg,train,organic,2,v9_augmentation,train/organic/esp32-cam-2026-08-01T09-25-50-582Z.jpg,esp32-cam-2026-08-01T09-25-50-582Z,organic/esp32-cam-2026-08-01T09-25-50-582Z,lime_1,False,05f4c93051812dd116965a12f61e62c9eaebda1006a84f59ad6c6802600e8553,f6a751a8405791cae42c50011af05a691b578e45c30b239b946b608d0206c2a6,320,240
train/organic/organic_train_v9_aug_029.jpg,train,organic,2,v9_augmentation,train/organic/esp32-cam-2026-08-01T09-25-50-582Z.jpg,esp32-cam-2026-08-01T09-25-50-582Z,organic/esp32-cam-2026-08-01T09-25-50-582Z,lime_1,False,8f06e8d3e7c81da8f3edc59d00bb19f97436edcc72655596dd5c8dcf1d62a005,f6a751a8405791cae42c50011af05a691b578e45c30b239b946b608d0206c2a6,320,240
train/paper/paper_train_existing_aug_001.jpg,train,paper,0,existing_augmentation,train/paper/paper_005__aug_v2_01.jpg,paper_005__aug_v2_01,paper/paper_005,paper_legacy_varied_pose,False,b123b697449e15c5ff9c9cb3385a48b2639acb7b8841ea81432e8dfcd0a708de,b123b697449e15c5ff9c9cb3385a48b2639acb7b8841ea81432e8dfcd0a708de,320,240
train/paper/paper_train_existing_aug_002.jpg,train,paper,0,existing_augmentation,train/paper/paper_005__aug_v2_02.jpg,paper_005__aug_v2_02,paper/paper_005,paper_legacy_varied_pose,False,0d0faedc3bfa880d3da28a3ac7d392b9510cdba0a29c660b4b25f54770489c10,0d0faedc3bfa880d3da28a3ac7d392b9510cdba0a29c660b4b25f54770489c10,320,240
train/paper/paper_train_existing_aug_003.jpg,train,paper,0,existing_augmentation,train/paper/paper_005__aug_v2_03.jpg,paper_005__aug_v2_03,paper/paper_005,paper_legacy_varied_pose,False,ce00b09089b7a449802d9e20c3c3bd7bb63708002f2d6c0d771c739c3c39eb22,ce00b09089b7a449802d9e20c3c3bd7bb63708002f2d6c0d771c739c3c39eb22,320,240
train/paper/paper_train_existing_aug_004.jpg,train,paper,0,existing_augmentation,train/paper/paper_005__aug_v2_04.jpg,paper_005__aug_v2_04,paper/paper_005,paper_legacy_varied_pose,False,c7d15ebd9f16a0feb0be17e3d998da1c47bbe0aed2ec617a6fadf7aa5dd197ea,c7d15ebd9f16a0feb0be17e3d998da1c47bbe0aed2ec617a6fadf7aa5dd197ea,320,240
train/paper/paper_train_existing_aug_005.jpg,train,paper,0,existing_augmentation,train/paper/paper_005__aug_v2_05.jpg,paper_005__aug_v2_05,paper/paper_005,paper_legacy_varied_pose,False,ede31b8eb4f72df632a1c14da31b052ec8b5b16aa361d8bbb6017cfe5577a99a,ede31b8eb4f72df632a1c14da31b052ec8b5b16aa361d8bbb6017cfe5577a99a,320,240
train/paper/paper_train_existing_aug_006.jpg,train,paper,0,existing_augmentation,train/paper/paper_005__aug_v2_06.jpg,paper_005__aug_v2_06,paper/paper_005,paper_legacy_varied_pose,False,5c5dd0ea4592d4cd0adbe94b6d026d894508a83a1e46dc940a6ed4ffcbc87cd7,5c5dd0ea4592d4cd0adbe94b6d026d894508a83a1e46dc940a6ed4ffcbc87cd7,320,240
train/paper/paper_train_existing_aug_007.jpg,train,paper,0,existing_augmentation,train/paper/paper_005__aug_v2_07.jpg,paper_005__aug_v2_07,paper/paper_005,paper_legacy_varied_pose,False,f2262882b09838087018499271c28a0bd02dcdc248b30900c9e4f6a0852e1499,f2262882b09838087018499271c28a0bd02dcdc248b30900c9e4f6a0852e1499,320,240
train/paper/paper_train_existing_aug_008.jpg,train,paper,0,existing_augmentation,validation/paper/paper_005__aug_v2_08.jpg,paper_005__aug_v2_08,paper/paper_005,paper_legacy_varied_pose,False,06f889fc367ebf524f788f236ad557ee70898c492d2b240426c8920f362df82a,06f889fc367ebf524f788f236ad557ee70898c492d2b240426c8920f362df82a,320,240
train/paper/paper_train_existing_aug_009.jpg,train,paper,0,existing_augmentation,validation/paper/paper_005__aug_v2_09.jpg,paper_005__aug_v2_09,paper/paper_005,paper_legacy_varied_pose,False,221472f14b694c0074de6c0275a7ebe47ac1d836f523cc47fc462e3e42943832,221472f14b694c0074de6c0275a7ebe47ac1d836f523cc47fc462e3e42943832,320,240
train/paper/paper_train_existing_aug_010.jpg,train,paper,0,existing_augmentation,train/paper/paper_006__aug_v2_01.jpg,paper_006__aug_v2_01,paper/paper_006,paper_legacy_varied_pose,False,a488113a3f284c41e284380009a4e8f7cbe4d306fa065441ce2a5e62247e8458,a488113a3f284c41e284380009a4e8f7cbe4d306fa065441ce2a5e62247e8458,320,240
train/paper/paper_train_existing_aug_011.jpg,train,paper,0,existing_augmentation,train/paper/paper_006__aug_v2_02.jpg,paper_006__aug_v2_02,paper/paper_006,paper_legacy_varied_pose,False,bd474686741557b30159bf594a5aaf512fd43fdf2949123947113ba9ae13db65,bd474686741557b30159bf594a5aaf512fd43fdf2949123947113ba9ae13db65,320,240
train/paper/paper_train_existing_aug_012.jpg,train,paper,0,existing_augmentation,train/paper/paper_006__aug_v2_03.jpg,paper_006__aug_v2_03,paper/paper_006,paper_legacy_varied_pose,False,9dcca234d94f4e8bdb0e91ada24c840c72a90383b3959a85f17debf345360a0a,9dcca234d94f4e8bdb0e91ada24c840c72a90383b3959a85f17debf345360a0a,320,240
train/paper/paper_train_existing_aug_013.jpg,train,paper,0,existing_augmentation,train/paper/paper_006__aug_v2_04.jpg,paper_006__aug_v2_04,paper/paper_006,paper_legacy_varied_pose,False,f16030fa3d42526bd7c01b7b9eb5ff2e739ce79d7610503cf1be7c6d7b60e101,f16030fa3d42526bd7c01b7b9eb5ff2e739ce79d7610503cf1be7c6d7b60e101,320,240
train/paper/paper_train_existing_aug_014.jpg,train,paper,0,existing_augmentation,train/paper/paper_006__aug_v2_05.jpg,paper_006__aug_v2_05,paper/paper_006,paper_legacy_varied_pose,False,7eb008340f012c522732d8851955477305a44fbf26b81cbd6744da1739059faa,7eb008340f012c522732d8851955477305a44fbf26b81cbd6744da1739059faa,320,240
train/paper/paper_train_existing_aug_015.jpg,train,paper,0,existing_augmentation,train/paper/paper_006__aug_v2_06.jpg,paper_006__aug_v2_06,paper/paper_006,paper_legacy_varied_pose,False,fcb174417c43762af304c964e3b2b725cf78b2efa150cd2687656611ff4a9a50,fcb174417c43762af304c964e3b2b725cf78b2efa150cd2687656611ff4a9a50,320,240
train/paper/paper_train_existing_aug_016.jpg,train,paper,0,existing_augmentation,train/paper/paper_006__aug_v2_07.jpg,paper_006__aug_v2_07,paper/paper_006,paper_legacy_varied_pose,False,a06ca0197ca1ede06b0a69fff3f00fb8c08bbdf19f48803f0d0595fe81264cba,a06ca0197ca1ede06b0a69fff3f00fb8c08bbdf19f48803f0d0595fe81264cba,320,240
train/paper/paper_train_existing_aug_017.jpg,train,paper,0,existing_augmentation,train/paper/paper_006__aug_v2_08.jpg,paper_006__aug_v2_08,paper/paper_006,paper_legacy_varied_pose,False,b58dd3d5de3e2e626c2477bbcf6431d45978c424690c360ed6c4fc127ed05f41,b58dd3d5de3e2e626c2477bbcf6431d45978c424690c360ed6c4fc127ed05f41,320,240
train/paper/paper_train_existing_aug_018.jpg,train,paper,0,existing_augmentation,train/paper/paper_006__aug_v2_09.jpg,paper_006__aug_v2_09,paper/paper_006,paper_legacy_varied_pose,False,3729e0a5f0b0e98103bd12c8c9ec17944b7afa16b068ef7404d65ba39f8e7439,3729e0a5f0b0e98103bd12c8c9ec17944b7afa16b068ef7404d65ba39f8e7439,320,240
train/paper/paper_train_existing_aug_019.jpg,train,paper,0,existing_augmentation,train/paper/paper_007__aug_v2_01.jpg,paper_007__aug_v2_01,paper/paper_007,paper_legacy_varied_pose,False,519421bb69daa736939d6c93c7d9271f8bd24a6a7424d68e1b531f1990e7ed2d,519421bb69daa736939d6c93c7d9271f8bd24a6a7424d68e1b531f1990e7ed2d,320,240
train/paper/paper_train_existing_aug_020.jpg,train,paper,0,existing_augmentation,train/paper/paper_007__aug_v2_02.jpg,paper_007__aug_v2_02,paper/paper_007,paper_legacy_varied_pose,False,9b5c65923faa36ad4f0d4fae5ba26ede1968cb1077cc064c08856f6d15f2649b,9b5c65923faa36ad4f0d4fae5ba26ede1968cb1077cc064c08856f6d15f2649b,320,240
train/paper/paper_train_existing_aug_021.jpg,train,paper,0,existing_augmentation,train/paper/paper_007__aug_v2_03.jpg,paper_007__aug_v2_03,paper/paper_007,paper_legacy_varied_pose,False,84bbbbef08f6b00f1478839c4bc4c028eb8994cfd0defd36e895af160ae77a93,84bbbbef08f6b00f1478839c4bc4c028eb8994cfd0defd36e895af160ae77a93,320,240
train/paper/paper_train_existing_aug_022.jpg,train,paper,0,existing_augmentation,train/paper/paper_007__aug_v2_04.jpg,paper_007__aug_v2_04,paper/paper_007,paper_legacy_varied_pose,False,b86fb2955e7b6f61f6012517434451fea401468cbb566adac6f62f7721f1192e,b86fb2955e7b6f61f6012517434451fea401468cbb566adac6f62f7721f1192e,320,240
train/paper/paper_train_existing_aug_023.jpg,train,paper,0,existing_augmentation,train/paper/paper_007__aug_v2_05.jpg,paper_007__aug_v2_05,paper/paper_007,paper_legacy_varied_pose,False,de965e5ba0f09e71615fa2b4b3deef0931d32cd181ba3744c05e7fd71a59b964,de965e5ba0f09e71615fa2b4b3deef0931d32cd181ba3744c05e7fd71a59b964,320,240
train/paper/paper_train_existing_aug_024.jpg,train,paper,0,existing_augmentation,train/paper/paper_007__aug_v2_06.jpg,paper_007__aug_v2_06,paper/paper_007,paper_legacy_varied_pose,False,450a6970adf9ef33b9c4743a16b7a2b2144e37d307aa4c0fbc123f8354f6fa8d,450a6970adf9ef33b9c4743a16b7a2b2144e37d307aa4c0fbc123f8354f6fa8d,320,240
train/paper/paper_train_existing_aug_025.jpg,train,paper,0,existing_augmentation,train/paper/paper_007__aug_v2_07.jpg,paper_007__aug_v2_07,paper/paper_007,paper_legacy_varied_pose,False,6fab64c4980da518f9ec10c24d2efd421753657f493da21c074a8297d1ec10c8,6fab64c4980da518f9ec10c24d2efd421753657f493da21c074a8297d1ec10c8,320,240
train/paper/paper_train_existing_aug_026.jpg,train,paper,0,existing_augmentation,train/paper/paper_007__aug_v2_08.jpg,paper_007__aug_v2_08,paper/paper_007,paper_legacy_varied_pose,False,dd73359ac848d96dcdfb428118936b8ad94707dd2cbf2e58791036d7517ca78d,dd73359ac848d96dcdfb428118936b8ad94707dd2cbf2e58791036d7517ca78d,320,240
train/paper/paper_train_existing_aug_027.jpg,train,paper,0,existing_augmentation,train/paper/paper_007__aug_v2_09.jpg,paper_007__aug_v2_09,paper/paper_007,paper_legacy_varied_pose,False,611a41308c9db92b05c95955f0b1a85842ecb460e5069e5a1a87ac099f764221,611a41308c9db92b05c95955f0b1a85842ecb460e5069e5a1a87ac099f764221,320,240
train/paper/paper_train_existing_aug_028.jpg,train,paper,0,existing_augmentation,train/paper/v4_paper_c69d7f7a3f888135f4ea88c7.jpg,v4_paper_c69d7f7a3f888135f4ea88c7,paper/paper_031,paper_legacy_varied_pose,False,c69d7f7a3f888135f4ea88c7a238d85ed1e772623385d406f868df164471b26f,c69d7f7a3f888135f4ea88c7a238d85ed1e772623385d406f868df164471b26f,320,240
train/paper/paper_train_existing_aug_029.jpg,train,paper,0,existing_augmentation,train/paper/v4_paper_c9a27b6690ad2bc9c0d108fa.jpg,v4_paper_c9a27b6690ad2bc9c0d108fa,paper/paper_040,paper_legacy_varied_pose,False,c9a27b6690ad2bc9c0d108faeea49704a3cc17b29afbb5825af8937d0df8aa43,c9a27b6690ad2bc9c0d108faeea49704a3cc17b29afbb5825af8937d0df8aa43,320,240
train/paper/paper_train_existing_aug_030.jpg,train,paper,0,existing_augmentation,train/paper/v4_paper_c60cff60ecd71ff980a5921a.jpg,v4_paper_c60cff60ecd71ff980a5921a,paper/paper_043,paper_legacy_varied_pose,False,c60cff60ecd71ff980a5921aa7c88570e780aaf9e3a0ffdf13bca4203ec7756f,c60cff60ecd71ff980a5921aa7c88570e780aaf9e3a0ffdf13bca4203ec7756f,320,240
train/paper/paper_train_original_001.jpg,train,paper,0,original,train/paper/esp32-cam-2026-08-01T09-20-57-593Z.jpg,esp32-cam-2026-08-01T09-20-57-593Z,paper/esp32-cam-2026-08-01T09-20-57-593Z,paper_esp32_varied_pose,False,081ad6518e7d8f7fa87b1a411a8f0d3ea7863efad9a07879bc514d2779a2530e,081ad6518e7d8f7fa87b1a411a8f0d3ea7863efad9a07879bc514d2779a2530e,320,240
train/paper/paper_train_original_002.jpg,train,paper,0,original,train/paper/esp32-cam-2026-08-01T09-21-24-094Z.jpg,esp32-cam-2026-08-01T09-21-24-094Z,paper/esp32-cam-2026-08-01T09-21-24-094Z,paper_esp32_varied_pose,False,921b863adcedb4f12c41594bbbdc88799c85a3bf95f8570cf340e553827fd8af,921b863adcedb4f12c41594bbbdc88799c85a3bf95f8570cf340e553827fd8af,320,240
train/paper/paper_train_original_003.jpg,train,paper,0,original,train/paper/esp32-cam-2026-08-01T09-21-33-812Z.jpg,esp32-cam-2026-08-01T09-21-33-812Z,paper/esp32-cam-2026-08-01T09-21-33-812Z,paper_esp32_varied_pose,False,b0435577d198e0906201d0df51d06ad0fa55297adfca45656e68cf070b5db24d,b0435577d198e0906201d0df51d06ad0fa55297adfca45656e68cf070b5db24d,320,240
train/paper/paper_train_original_004.jpg,train,paper,0,original,train/paper/esp32-cam-2026-08-01T09-21-42-352Z.jpg,esp32-cam-2026-08-01T09-21-42-352Z,paper/esp32-cam-2026-08-01T09-21-42-352Z,paper_esp32_varied_pose,False,d0ff8219f51d2c3083ecc3c3178e0b67d99bb4685e4840bff24ae6f80012fa85,d0ff8219f51d2c3083ecc3c3178e0b67d99bb4685e4840bff24ae6f80012fa85,320,240
train/paper/paper_train_original_005.jpg,train,paper,0,original,train/paper/esp32-cam-2026-08-01T09-21-50-789Z.jpg,esp32-cam-2026-08-01T09-21-50-789Z,paper/esp32-cam-2026-08-01T09-21-50-789Z,paper_esp32_varied_pose,False,9f8ce46b89f6c1d2d8f773f804495b1071d027e3210369433b94e0b5f12f493c,9f8ce46b89f6c1d2d8f773f804495b1071d027e3210369433b94e0b5f12f493c,320,240
train/paper/paper_train_original_006.jpg,train,paper,0,original,train/paper/esp32-cam-2026-08-01T09-22-43-217Z.jpg,esp32-cam-2026-08-01T09-22-43-217Z,paper/esp32-cam-2026-08-01T09-22-43-217Z,paper_esp32_varied_pose,False,c5de49090842e9cb90a45eb19d869b05783a95fe8c0ddffb8dfb757572f621eb,c5de49090842e9cb90a45eb19d869b05783a95fe8c0ddffb8dfb757572f621eb,320,240
train/paper/paper_train_original_007.jpg,train,paper,0,original,train/paper/paper_005.jpg,paper_005,paper/paper_005,paper_legacy_varied_pose,False,7868ba4bdf82c2b5122271659dc6d39467e49f3b8964f917ccb307978d161030,7868ba4bdf82c2b5122271659dc6d39467e49f3b8964f917ccb307978d161030,320,240
train/paper/paper_train_original_008.jpg,train,paper,0,original,train/paper/paper_006.jpg,paper_006,paper/paper_006,paper_legacy_varied_pose,False,f3d894a59de8cd893f8088938ef609e581276f663f697ba79a43d9d21ee79fa4,f3d894a59de8cd893f8088938ef609e581276f663f697ba79a43d9d21ee79fa4,320,240
train/paper/paper_train_original_009.jpg,train,paper,0,original,train/paper/paper_007.jpg,paper_007,paper/paper_007,paper_legacy_varied_pose,False,76d8e7cfdd09c5c52d78fa80f9d986b6020210e74faa6889e700bc4c83643d6e,76d8e7cfdd09c5c52d78fa80f9d986b6020210e74faa6889e700bc4c83643d6e,320,240
train/paper/paper_train_original_010.jpg,train,paper,0,original,train/paper/v4_paper_c181c1c138736cd4e9f9bffc.jpg,v4_paper_c181c1c138736cd4e9f9bffc,paper/paper_048,paper_legacy_varied_pose,False,c181c1c138736cd4e9f9bffcdd9c0a997c471f9faf7d840e7c270a03ae54d185,c181c1c138736cd4e9f9bffcdd9c0a997c471f9faf7d840e7c270a03ae54d185,320,240
train/paper/paper_train_v9_aug_001.jpg,train,paper,0,v9_augmentation,train/paper/esp32-cam-2026-08-01T09-20-57-593Z.jpg,esp32-cam-2026-08-01T09-20-57-593Z,paper/esp32-cam-2026-08-01T09-20-57-593Z,paper_esp32_varied_pose,False,ce3cc04ba9c2518bcbf2969e4fda93b496ae1736c464c27c4064c986506bd562,081ad6518e7d8f7fa87b1a411a8f0d3ea7863efad9a07879bc514d2779a2530e,320,240
train/paper/paper_train_v9_aug_002.jpg,train,paper,0,v9_augmentation,train/paper/esp32-cam-2026-08-01T09-20-57-593Z.jpg,esp32-cam-2026-08-01T09-20-57-593Z,paper/esp32-cam-2026-08-01T09-20-57-593Z,paper_esp32_varied_pose,False,e33b1e380d146b056dbc2e8b85acba16745eac7a17acb295ded65a0c8b2e8f9d,081ad6518e7d8f7fa87b1a411a8f0d3ea7863efad9a07879bc514d2779a2530e,320,240
train/paper/paper_train_v9_aug_003.jpg,train,paper,0,v9_augmentation,train/paper/esp32-cam-2026-08-01T09-21-24-094Z.jpg,esp32-cam-2026-08-01T09-21-24-094Z,paper/esp32-cam-2026-08-01T09-21-24-094Z,paper_esp32_varied_pose,False,5c569409723ca25ea9cf3496a39f25604bda6de769962392b99c1597e7f77570,921b863adcedb4f12c41594bbbdc88799c85a3bf95f8570cf340e553827fd8af,320,240
train/paper/paper_train_v9_aug_004.jpg,train,paper,0,v9_augmentation,train/paper/esp32-cam-2026-08-01T09-21-33-812Z.jpg,esp32-cam-2026-08-01T09-21-33-812Z,paper/esp32-cam-2026-08-01T09-21-33-812Z,paper_esp32_varied_pose,False,665af3f2381cd1d67e9ce6ffcc360ae1cc873d5f467ce94ab69bae3a9650c8e2,b0435577d198e0906201d0df51d06ad0fa55297adfca45656e68cf070b5db24d,320,240
train/paper/paper_train_v9_aug_005.jpg,train,paper,0,v9_augmentation,train/paper/esp32-cam-2026-08-01T09-21-42-352Z.jpg,esp32-cam-2026-08-01T09-21-42-352Z,paper/esp32-cam-2026-08-01T09-21-42-352Z,paper_esp32_varied_pose,False,00a5e9ac634ed1ee91f6e9fc7e872b0a479ea175813b038f28ccaa1ebf04a585,d0ff8219f51d2c3083ecc3c3178e0b67d99bb4685e4840bff24ae6f80012fa85,320,240
train/paper/paper_train_v9_aug_006.jpg,train,paper,0,v9_augmentation,train/paper/esp32-cam-2026-08-01T09-21-50-789Z.jpg,esp32-cam-2026-08-01T09-21-50-789Z,paper/esp32-cam-2026-08-01T09-21-50-789Z,paper_esp32_varied_pose,False,1097222808c854e705e9a9a9e49d07d4f621d2376d9be82069fe2c9dbf23ab1d,9f8ce46b89f6c1d2d8f773f804495b1071d027e3210369433b94e0b5f12f493c,320,240
train/paper/paper_train_v9_aug_007.jpg,train,paper,0,v9_augmentation,train/paper/esp32-cam-2026-08-01T09-22-43-217Z.jpg,esp32-cam-2026-08-01T09-22-43-217Z,paper/esp32-cam-2026-08-01T09-22-43-217Z,paper_esp32_varied_pose,False,a9c0a411426f8895842d842f0705cb3fa440859db30e4381b42f099f6c549669,c5de49090842e9cb90a45eb19d869b05783a95fe8c0ddffb8dfb757572f621eb,320,240
train/paper/paper_train_v9_aug_008.jpg,train,paper,0,v9_augmentation,train/paper/esp32-cam-2026-08-01T09-22-43-217Z.jpg,esp32-cam-2026-08-01T09-22-43-217Z,paper/esp32-cam-2026-08-01T09-22-43-217Z,paper_esp32_varied_pose,False,75c3b588bafd54851ac7455900828bfd3f4220a33f1beb146733e768120dbca7,c5de49090842e9cb90a45eb19d869b05783a95fe8c0ddffb8dfb757572f621eb,320,240
train/paper/paper_train_v9_aug_009.jpg,train,paper,0,v9_augmentation,train/paper/esp32-cam-2026-08-01T09-20-57-593Z.jpg,esp32-cam-2026-08-01T09-20-57-593Z,paper/esp32-cam-2026-08-01T09-20-57-593Z,paper_esp32_varied_pose,False,d22d0c6c90aa3f69315b9564298b27d770f395567a925b6165780eb81af3b070,081ad6518e7d8f7fa87b1a411a8f0d3ea7863efad9a07879bc514d2779a2530e,320,240
train/paper/paper_train_v9_aug_010.jpg,train,paper,0,v9_augmentation,train/paper/esp32-cam-2026-08-01T09-20-57-593Z.jpg,esp32-cam-2026-08-01T09-20-57-593Z,paper/esp32-cam-2026-08-01T09-20-57-593Z,paper_esp32_varied_pose,False,e17ff8d6b901b50c68a16a3f438f2f9ea28206ccedd5acdff5a954bb372e4bef,081ad6518e7d8f7fa87b1a411a8f0d3ea7863efad9a07879bc514d2779a2530e,320,240
train/paper/paper_train_v9_aug_011.jpg,train,paper,0,v9_augmentation,train/paper/esp32-cam-2026-08-01T09-20-57-593Z.jpg,esp32-cam-2026-08-01T09-20-57-593Z,paper/esp32-cam-2026-08-01T09-20-57-593Z,paper_esp32_varied_pose,False,31689addcce8b822f2e9c32a045c1a5072dbb8c5fc3f1cdd81654d541a788a9d,081ad6518e7d8f7fa87b1a411a8f0d3ea7863efad9a07879bc514d2779a2530e,320,240
train/paper/paper_train_v9_aug_013.jpg,train,paper,0,v9_augmentation,train/paper/esp32-cam-2026-08-01T09-21-24-094Z.jpg,esp32-cam-2026-08-01T09-21-24-094Z,paper/esp32-cam-2026-08-01T09-21-24-094Z,paper_esp32_varied_pose,False,b64f9f9bca70a721f13945efebe9c56fdab16b5307919ccc14598dd5ba7e062e,921b863adcedb4f12c41594bbbdc88799c85a3bf95f8570cf340e553827fd8af,320,240
train/paper/paper_train_v9_aug_014.jpg,train,paper,0,v9_augmentation,train/paper/esp32-cam-2026-08-01T09-21-24-094Z.jpg,esp32-cam-2026-08-01T09-21-24-094Z,paper/esp32-cam-2026-08-01T09-21-24-094Z,paper_esp32_varied_pose,False,130dbf0d87742cdfb5d29137fa94e8c7405003a21e9a4542a7fe16cdbc076008,921b863adcedb4f12c41594bbbdc88799c85a3bf95f8570cf340e553827fd8af,320,240
train/paper/paper_train_v9_aug_015.jpg,train,paper,0,v9_augmentation,train/paper/esp32-cam-2026-08-01T09-21-24-094Z.jpg,esp32-cam-2026-08-01T09-21-24-094Z,paper/esp32-cam-2026-08-01T09-21-24-094Z,paper_esp32_varied_pose,False,07e180d1a2e1becf90a6c635227ecb09af7a857b773cd4a98af580652bba9138,921b863adcedb4f12c41594bbbdc88799c85a3bf95f8570cf340e553827fd8af,320,240
train/paper/paper_train_v9_aug_016.jpg,train,paper,0,v9_augmentation,train/paper/esp32-cam-2026-08-01T09-21-24-094Z.jpg,esp32-cam-2026-08-01T09-21-24-094Z,paper/esp32-cam-2026-08-01T09-21-24-094Z,paper_esp32_varied_pose,False,fbc1ddfcfae996dcb301efd7cf5566737fa7e37eb257d683c46f1a0c3c4cca8e,921b863adcedb4f12c41594bbbdc88799c85a3bf95f8570cf340e553827fd8af,320,240
train/paper/paper_train_v9_aug_017.jpg,train,paper,0,v9_augmentation,train/paper/esp32-cam-2026-08-01T09-21-24-094Z.jpg,esp32-cam-2026-08-01T09-21-24-094Z,paper/esp32-cam-2026-08-01T09-21-24-094Z,paper_esp32_varied_pose,False,2a028c6057842ffb0d4c1dc52e2dd0d5380b189da0d59efb2e4445b36f4abf0d,921b863adcedb4f12c41594bbbdc88799c85a3bf95f8570cf340e553827fd8af,320,240
train/paper/paper_train_v9_aug_018.jpg,train,paper,0,v9_augmentation,train/paper/esp32-cam-2026-08-01T09-21-33-812Z.jpg,esp32-cam-2026-08-01T09-21-33-812Z,paper/esp32-cam-2026-08-01T09-21-33-812Z,paper_esp32_varied_pose,False,960a361d468d7aa6c8b317192aa8b1592954d4fc0329604a653b1e5e80fd3800,b0435577d198e0906201d0df51d06ad0fa55297adfca45656e68cf070b5db24d,320,240
train/paper/paper_train_v9_aug_019.jpg,train,paper,0,v9_augmentation,train/paper/esp32-cam-2026-08-01T09-21-33-812Z.jpg,esp32-cam-2026-08-01T09-21-33-812Z,paper/esp32-cam-2026-08-01T09-21-33-812Z,paper_esp32_varied_pose,False,2db8653b33ad3e61c07c3898aae463191803cd2b1ec0e4eae20faa1b702f7262,b0435577d198e0906201d0df51d06ad0fa55297adfca45656e68cf070b5db24d,320,240
train/paper/paper_train_v9_aug_020.jpg,train,paper,0,v9_augmentation,train/paper/esp32-cam-2026-08-01T09-21-33-812Z.jpg,esp32-cam-2026-08-01T09-21-33-812Z,paper/esp32-cam-2026-08-01T09-21-33-812Z,paper_esp32_varied_pose,False,5659d62ce94a8d815232cbfef42c3b7bb65c5fe1409cb35eb6832acafbb9766e,b0435577d198e0906201d0df51d06ad0fa55297adfca45656e68cf070b5db24d,320,240
train/paper/paper_train_v9_aug_021.jpg,train,paper,0,v9_augmentation,train/paper/esp32-cam-2026-08-01T09-21-33-812Z.jpg,esp32-cam-2026-08-01T09-21-33-812Z,paper/esp32-cam-2026-08-01T09-21-33-812Z,paper_esp32_varied_pose,False,44916ea4a5add985b98d1cdc65c7eb4992458a3bd3a30a80b20bdb9866376342,b0435577d198e0906201d0df51d06ad0fa55297adfca45656e68cf070b5db24d,320,240
train/paper/paper_train_v9_aug_022.jpg,train,paper,0,v9_augmentation,train/paper/esp32-cam-2026-08-01T09-21-33-812Z.jpg,esp32-cam-2026-08-01T09-21-33-812Z,paper/esp32-cam-2026-08-01T09-21-33-812Z,paper_esp32_varied_pose,False,465cf44d57392ce64c348093812293fa37979a177d27a12c3fc634bfd732cc01,b0435577d198e0906201d0df51d06ad0fa55297adfca45656e68cf070b5db24d,320,240
train/paper/paper_train_v9_aug_023.jpg,train,paper,0,v9_augmentation,train/paper/esp32-cam-2026-08-01T09-21-42-352Z.jpg,esp32-cam-2026-08-01T09-21-42-352Z,paper/esp32-cam-2026-08-01T09-21-42-352Z,paper_esp32_varied_pose,False,cfe4bf05201da550b4fbb38f5ceb71417d50d5a2aa705e2cee9f91a71ccd2a1a,d0ff8219f51d2c3083ecc3c3178e0b67d99bb4685e4840bff24ae6f80012fa85,320,240
train/paper/paper_train_v9_aug_024.jpg,train,paper,0,v9_augmentation,train/paper/esp32-cam-2026-08-01T09-21-42-352Z.jpg,esp32-cam-2026-08-01T09-21-42-352Z,paper/esp32-cam-2026-08-01T09-21-42-352Z,paper_esp32_varied_pose,False,076020a986ae44aa77046c99de653594e5081714409d78f3f9198309cefe0e38,d0ff8219f51d2c3083ecc3c3178e0b67d99bb4685e4840bff24ae6f80012fa85,320,240
train/paper/paper_train_v9_aug_025.jpg,train,paper,0,v9_augmentation,train/paper/esp32-cam-2026-08-01T09-21-42-352Z.jpg,esp32-cam-2026-08-01T09-21-42-352Z,paper/esp32-cam-2026-08-01T09-21-42-352Z,paper_esp32_varied_pose,False,af820724e69579a0c2db6772808b63b878506ed8632f9604d1ea2e2a781afebd,d0ff8219f51d2c3083ecc3c3178e0b67d99bb4685e4840bff24ae6f80012fa85,320,240
train/paper/paper_train_v9_aug_026.jpg,train,paper,0,v9_augmentation,train/paper/esp32-cam-2026-08-01T09-21-42-352Z.jpg,esp32-cam-2026-08-01T09-21-42-352Z,paper/esp32-cam-2026-08-01T09-21-42-352Z,paper_esp32_varied_pose,False,41b99e93c29df032b9b6b51453908acc1e6580f6a38c1a66e04ebbb9910bd2b2,d0ff8219f51d2c3083ecc3c3178e0b67d99bb4685e4840bff24ae6f80012fa85,320,240
train/paper/paper_train_v9_aug_027.jpg,train,paper,0,v9_augmentation,train/paper/esp32-cam-2026-08-01T09-21-42-352Z.jpg,esp32-cam-2026-08-01T09-21-42-352Z,paper/esp32-cam-2026-08-01T09-21-42-352Z,paper_esp32_varied_pose,False,bd84be25f0448bc29d36bd3fd8c01fe8becdcdd163aac89b41e2e7fd1a3eb44d,d0ff8219f51d2c3083ecc3c3178e0b67d99bb4685e4840bff24ae6f80012fa85,320,240
train/paper/paper_train_v9_aug_028.jpg,train,paper,0,v9_augmentation,train/paper/esp32-cam-2026-08-01T09-21-50-789Z.jpg,esp32-cam-2026-08-01T09-21-50-789Z,paper/esp32-cam-2026-08-01T09-21-50-789Z,paper_esp32_varied_pose,False,03aeac3db9d71878189f5c8d6d3bf33bbe8b1daefc76e183dc4954c9f963371a,9f8ce46b89f6c1d2d8f773f804495b1071d027e3210369433b94e0b5f12f493c,320,240
train/paper/paper_train_v9_aug_029.jpg,train,paper,0,v9_augmentation,train/paper/esp32-cam-2026-08-01T09-21-50-789Z.jpg,esp32-cam-2026-08-01T09-21-50-789Z,paper/esp32-cam-2026-08-01T09-21-50-789Z,paper_esp32_varied_pose,False,817f308274aa26184b17fa5a3c3b2f5231b5a61fe3f103e3db911b65ce899fc6,9f8ce46b89f6c1d2d8f773f804495b1071d027e3210369433b94e0b5f12f493c,320,240
train/paper/paper_train_v9_aug_030.jpg,train,paper,0,v9_augmentation,train/paper/esp32-cam-2026-08-01T09-21-50-789Z.jpg,esp32-cam-2026-08-01T09-21-50-789Z,paper/esp32-cam-2026-08-01T09-21-50-789Z,paper_esp32_varied_pose,False,f8044aabbd637c3eb992095bb874c77998d6252aca94d728db246c4a061b28a2,9f8ce46b89f6c1d2d8f773f804495b1071d027e3210369433b94e0b5f12f493c,320,240
train/paper/paper_train_v9_aug_031.jpg,train,paper,0,v9_augmentation,train/paper/esp32-cam-2026-08-01T09-21-50-789Z.jpg,esp32-cam-2026-08-01T09-21-50-789Z,paper/esp32-cam-2026-08-01T09-21-50-789Z,paper_esp32_varied_pose,False,390def778cd818665afdc5e54fa0cdffe0859c77936939cb01ba69813c3f8e37,9f8ce46b89f6c1d2d8f773f804495b1071d027e3210369433b94e0b5f12f493c,320,240
train/paper/paper_train_v9_aug_032.jpg,train,paper,0,v9_augmentation,train/paper/esp32-cam-2026-08-01T09-21-50-789Z.jpg,esp32-cam-2026-08-01T09-21-50-789Z,paper/esp32-cam-2026-08-01T09-21-50-789Z,paper_esp32_varied_pose,False,3b335c8b3aa3c1dc2e6b489a5ae01347b1956a6ec1a15d084571c018a3e81007,9f8ce46b89f6c1d2d8f773f804495b1071d027e3210369433b94e0b5f12f493c,320,240
train/paper/paper_train_v9_aug_033.jpg,train,paper,0,v9_augmentation,train/paper/esp32-cam-2026-08-01T09-22-43-217Z.jpg,esp32-cam-2026-08-01T09-22-43-217Z,paper/esp32-cam-2026-08-01T09-22-43-217Z,paper_esp32_varied_pose,False,54f71c63383ade8b24611fa43823bdc70b2865d315e0d058d7c21244a1eccb08,c5de49090842e9cb90a45eb19d869b05783a95fe8c0ddffb8dfb757572f621eb,320,240
train/paper/paper_train_v9_aug_034.jpg,train,paper,0,v9_augmentation,train/paper/esp32-cam-2026-08-01T09-22-43-217Z.jpg,esp32-cam-2026-08-01T09-22-43-217Z,paper/esp32-cam-2026-08-01T09-22-43-217Z,paper_esp32_varied_pose,False,54247ea10f15b69d34f663d7d6c495743a8766bf0c2fb435325f5822fac8eaf4,c5de49090842e9cb90a45eb19d869b05783a95fe8c0ddffb8dfb757572f621eb,320,240
train/paper/paper_train_v9_aug_035.jpg,train,paper,0,v9_augmentation,train/paper/esp32-cam-2026-08-01T09-22-43-217Z.jpg,esp32-cam-2026-08-01T09-22-43-217Z,paper/esp32-cam-2026-08-01T09-22-43-217Z,paper_esp32_varied_pose,False,0cda46d60d84a7392809f51ee01a3c4ef1079a808a5844600c3101aab50f6d04,c5de49090842e9cb90a45eb19d869b05783a95fe8c0ddffb8dfb757572f621eb,320,240
train/paper/paper_train_v9_aug_036.jpg,train,paper,0,v9_augmentation,train/paper/v4_paper_c181c1c138736cd4e9f9bffc.jpg,v4_paper_c181c1c138736cd4e9f9bffc,paper/paper_048,paper_legacy_varied_pose,False,5c8c50b9e690f30d5853ae137ded98e1bee4ec5cbd844c559b1bde4ef56dd4a8,c181c1c138736cd4e9f9bffcdd9c0a997c471f9faf7d840e7c270a03ae54d185,320,240
train/plastic/plastic_train_existing_aug_001.jpg,train,plastic,1,existing_augmentation,train/plastic/v4_plastic_6f3e40fe110b1817c9813f9b.jpg,v4_plastic_6f3e40fe110b1817c9813f9b,plastic/plastic_001,plastic_bottle,False,6f3e40fe110b1817c9813f9bf8bf95c7802de0006a7ffbd1a9823ec633e73d99,6f3e40fe110b1817c9813f9bf8bf95c7802de0006a7ffbd1a9823ec633e73d99,320,240
train/plastic/plastic_train_existing_aug_002.jpg,train,plastic,1,existing_augmentation,train/plastic/v4_plastic_7ab9b575f43f9749a557beb7.jpg,v4_plastic_7ab9b575f43f9749a557beb7,plastic/plastic_001,plastic_bottle,False,7ab9b575f43f9749a557beb76b4a4921c8182cd9ca15fd7049ad6f000c52e1c6,7ab9b575f43f9749a557beb76b4a4921c8182cd9ca15fd7049ad6f000c52e1c6,320,240
train/plastic/plastic_train_existing_aug_003.jpg,train,plastic,1,existing_augmentation,train/plastic/v4_plastic_0bbaa267affad6daf4b364c8.jpg,v4_plastic_0bbaa267affad6daf4b364c8,plastic/plastic_002,plastic_bottle,False,0bbaa267affad6daf4b364c824d18e61204195cc859d95897660968d2c3adea8,0bbaa267affad6daf4b364c824d18e61204195cc859d95897660968d2c3adea8,320,240
train/plastic/plastic_train_existing_aug_004.jpg,train,plastic,1,existing_augmentation,train/plastic/v4_plastic_3a3c479b3539a02e4362299f.jpg,v4_plastic_3a3c479b3539a02e4362299f,plastic/plastic_004,plastic_bottle,False,3a3c479b3539a02e4362299f3a9dca9a43fb9df0ae0e61313be6d3c80555dede,3a3c479b3539a02e4362299f3a9dca9a43fb9df0ae0e61313be6d3c80555dede,320,240
train/plastic/plastic_train_existing_aug_005.jpg,train,plastic,1,existing_augmentation,train/plastic/v4_plastic_5dfb20110fb486442f1851a6.jpg,v4_plastic_5dfb20110fb486442f1851a6,plastic/plastic_004,plastic_bottle,False,5dfb20110fb486442f1851a66a7f69c35ca331db6c596530645958cf78969b92,5dfb20110fb486442f1851a66a7f69c35ca331db6c596530645958cf78969b92,320,240
train/plastic/plastic_train_existing_aug_006.jpg,train,plastic,1,existing_augmentation,train/plastic/v4_plastic_07ca2504f8f62955d37b1de1.jpg,v4_plastic_07ca2504f8f62955d37b1de1,plastic/plastic_007,plastic_bottle,False,07ca2504f8f62955d37b1de12d9370656708bcfcdc08f27d8e70914a744ed268,07ca2504f8f62955d37b1de12d9370656708bcfcdc08f27d8e70914a744ed268,320,240
train/plastic/plastic_train_existing_aug_007.jpg,train,plastic,1,existing_augmentation,train/plastic/v4_plastic_2e4aba0dbc630ef3a71f0ddb.jpg,v4_plastic_2e4aba0dbc630ef3a71f0ddb,plastic/plastic_007,plastic_bottle,False,2e4aba0dbc630ef3a71f0ddb6be598ecf6baacf4d3189ec6d52931b6954bb86e,2e4aba0dbc630ef3a71f0ddb6be598ecf6baacf4d3189ec6d52931b6954bb86e,320,240
train/plastic/plastic_train_existing_aug_008.jpg,train,plastic,1,existing_augmentation,train/plastic/v4_plastic_5af8c58a37ddae081a0620c7.jpg,v4_plastic_5af8c58a37ddae081a0620c7,plastic/plastic_007,plastic_bottle,False,5af8c58a37ddae081a0620c73975fd4eb3f04c2d412a4e4ab3030aab8293428f,5af8c58a37ddae081a0620c73975fd4eb3f04c2d412a4e4ab3030aab8293428f,320,240
train/plastic/plastic_train_existing_aug_009.jpg,train,plastic,1,existing_augmentation,train/plastic/v4_plastic_1f7ed4ad5065986e3219262b.jpg,v4_plastic_1f7ed4ad5065986e3219262b,plastic/plastic_009,plastic_bottle,False,1f7ed4ad5065986e3219262b2ab72a98f9e3584a595b4fa6d390234e5fb33bbc,1f7ed4ad5065986e3219262b2ab72a98f9e3584a595b4fa6d390234e5fb33bbc,320,240
train/plastic/plastic_train_existing_aug_010.jpg,train,plastic,1,existing_augmentation,train/plastic/v4_plastic_4d5bd92723384ff9a55858b1.jpg,v4_plastic_4d5bd92723384ff9a55858b1,plastic/plastic_009,plastic_bottle,False,4d5bd92723384ff9a55858b1f077f986d0d8fefe88d8a2d2a8d9b678c7587b49,4d5bd92723384ff9a55858b1f077f986d0d8fefe88d8a2d2a8d9b678c7587b49,320,240
train/plastic/plastic_train_existing_aug_011.jpg,train,plastic,1,existing_augmentation,train/plastic/v4_plastic_5b648dbb2927744cf98a8e4b.jpg,v4_plastic_5b648dbb2927744cf98a8e4b,plastic/plastic_009,plastic_bottle,False,5b648dbb2927744cf98a8e4b382c3714225ec8acdc3f2a3cf5144effe0638d55,5b648dbb2927744cf98a8e4b382c3714225ec8acdc3f2a3cf5144effe0638d55,320,240
train/plastic/plastic_train_existing_aug_012.jpg,train,plastic,1,existing_augmentation,train/plastic/plastic_014__aug_v2_01.jpg,plastic_014__aug_v2_01,plastic/plastic_014,plastic_bottle,False,9ebad4ae53a8d0eeacc31ee4f02272754afb6670a05fb480c30113901b2d06f8,9ebad4ae53a8d0eeacc31ee4f02272754afb6670a05fb480c30113901b2d06f8,320,240
train/plastic/plastic_train_existing_aug_013.jpg,train,plastic,1,existing_augmentation,train/plastic/plastic_014__aug_v2_02.jpg,plastic_014__aug_v2_02,plastic/plastic_014,plastic_bottle,False,393b8498b439f98ae6fc178bf10dbfb9fd0f9e2bd2372f0cebbd0285ad413346,393b8498b439f98ae6fc178bf10dbfb9fd0f9e2bd2372f0cebbd0285ad413346,320,240
train/plastic/plastic_train_existing_aug_014.jpg,train,plastic,1,existing_augmentation,train/plastic/plastic_014__aug_v2_03.jpg,plastic_014__aug_v2_03,plastic/plastic_014,plastic_bottle,False,7c8bfc79fbfa23ccf2343572b9b0ac362a893082ad21301de7751eb1971e2157,7c8bfc79fbfa23ccf2343572b9b0ac362a893082ad21301de7751eb1971e2157,320,240
train/plastic/plastic_train_existing_aug_015.jpg,train,plastic,1,existing_augmentation,train/plastic/plastic_014__aug_v2_04.jpg,plastic_014__aug_v2_04,plastic/plastic_014,plastic_bottle,False,e280941fe6812edd5d127690dd78d68729855e05bf9bbb4fa1d25d89e3f48ebb,e280941fe6812edd5d127690dd78d68729855e05bf9bbb4fa1d25d89e3f48ebb,320,240
train/plastic/plastic_train_existing_aug_016.jpg,train,plastic,1,existing_augmentation,train/plastic/plastic_014__aug_v2_05.jpg,plastic_014__aug_v2_05,plastic/plastic_014,plastic_bottle,False,69894a5ef9ac7bc9c146b90f308076c7c238fd7c2d87d5f5da802107a24aff06,69894a5ef9ac7bc9c146b90f308076c7c238fd7c2d87d5f5da802107a24aff06,320,240
train/plastic/plastic_train_existing_aug_017.jpg,train,plastic,1,existing_augmentation,train/plastic/plastic_014__aug_v2_06.jpg,plastic_014__aug_v2_06,plastic/plastic_014,plastic_bottle,False,ad21cc6baf91f774faf3d7deed8574921c704914f964f7b7a31e7c6bbc87f56c,ad21cc6baf91f774faf3d7deed8574921c704914f964f7b7a31e7c6bbc87f56c,320,240
train/plastic/plastic_train_existing_aug_018.jpg,train,plastic,1,existing_augmentation,train/plastic/plastic_014__aug_v2_07.jpg,plastic_014__aug_v2_07,plastic/plastic_014,plastic_bottle,False,d612c254dc7df35928e028a3cae567fe81747df3140413f1eb46382bbac45021,d612c254dc7df35928e028a3cae567fe81747df3140413f1eb46382bbac45021,320,240
train/plastic/plastic_train_existing_aug_019.jpg,train,plastic,1,existing_augmentation,train/plastic/plastic_014__aug_v2_08.jpg,plastic_014__aug_v2_08,plastic/plastic_014,plastic_bottle,False,32b4be74e2f101f5b50d710fd40b95d9064785845f07e4945b6c8f9ef6ecc40e,32b4be74e2f101f5b50d710fd40b95d9064785845f07e4945b6c8f9ef6ecc40e,320,240
train/plastic/plastic_train_existing_aug_020.jpg,train,plastic,1,existing_augmentation,train/plastic/plastic_014__aug_v2_09.jpg,plastic_014__aug_v2_09,plastic/plastic_014,plastic_bottle,False,c875279852828e89db47d4f07ce8510581e60c38a961a8a4876c9affc4a8928c,c875279852828e89db47d4f07ce8510581e60c38a961a8a4876c9affc4a8928c,320,240
train/plastic/plastic_train_original_001.jpg,train,plastic,1,original,train/plastic/camera_plastic_21270466c954512fef8852ef.jpg,camera_plastic_21270466c954512fef8852ef,plastic/camera_plastic_21270466c954512fef8852ef,plastic_bottle,False,21270466c954512fef8852ef4c6c1ba24c774bc1272795301749e75cf11ceb9f,21270466c954512fef8852ef4c6c1ba24c774bc1272795301749e75cf11ceb9f,320,240
train/plastic/plastic_train_original_002.jpg,train,plastic,1,original,train/plastic/camera_plastic_42bf63f8f4178ebcc50108ee.jpg,camera_plastic_42bf63f8f4178ebcc50108ee,plastic/camera_plastic_42bf63f8f4178ebcc50108ee,plastic_bottle,False,42bf63f8f4178ebcc50108eee998ab49caa1b579445104a36d852609e3358871,42bf63f8f4178ebcc50108eee998ab49caa1b579445104a36d852609e3358871,320,240
train/plastic/plastic_train_original_003.jpg,train,plastic,1,original,train/plastic/camera_plastic_43a0bd2c3b192c8511726f69.jpg,camera_plastic_43a0bd2c3b192c8511726f69,plastic/camera_plastic_43a0bd2c3b192c8511726f69,plastic_bottle,False,43a0bd2c3b192c8511726f696eadeac9ba12198fa2bfd8182edaf3b9434d36b9,43a0bd2c3b192c8511726f696eadeac9ba12198fa2bfd8182edaf3b9434d36b9,320,240
train/plastic/plastic_train_original_004.jpg,train,plastic,1,original,train/plastic/camera_plastic_49eed3b3c6942bf9809b38bb.jpg,camera_plastic_49eed3b3c6942bf9809b38bb,plastic/camera_plastic_49eed3b3c6942bf9809b38bb,plastic_bottle,False,49eed3b3c6942bf9809b38bbea82bb93c7a2a479fbe3c6713b1d67121e503c7f,49eed3b3c6942bf9809b38bbea82bb93c7a2a479fbe3c6713b1d67121e503c7f,320,240
train/plastic/plastic_train_original_005.jpg,train,plastic,1,original,train/plastic/camera_plastic_6a96988ff82ed609e7d8eaf8.jpg,camera_plastic_6a96988ff82ed609e7d8eaf8,plastic/camera_plastic_6a96988ff82ed609e7d8eaf8,plastic_bottle,False,6a96988ff82ed609e7d8eaf8777c1721dd3776c25db50bfeed56be3ccf541077,6a96988ff82ed609e7d8eaf8777c1721dd3776c25db50bfeed56be3ccf541077,320,240
train/plastic/plastic_train_original_006.jpg,train,plastic,1,original,train/plastic/camera_plastic_7d11f7973f60a22846f00611.jpg,camera_plastic_7d11f7973f60a22846f00611,plastic/camera_plastic_7d11f7973f60a22846f00611,plastic_bottle,False,7d11f7973f60a22846f00611e89d1990f3e437b6429c9577d5b9592ef9c467d1,7d11f7973f60a22846f00611e89d1990f3e437b6429c9577d5b9592ef9c467d1,320,240
train/plastic/plastic_train_original_007.jpg,train,plastic,1,original,train/plastic/camera_plastic_ad8a8c8f63e854fb7b85f45e.jpg,camera_plastic_ad8a8c8f63e854fb7b85f45e,plastic/camera_plastic_ad8a8c8f63e854fb7b85f45e,plastic_bottle,False,ad8a8c8f63e854fb7b85f45e21ee55a90728e2a2fec79487d8d767b25e3052b4,ad8a8c8f63e854fb7b85f45e21ee55a90728e2a2fec79487d8d767b25e3052b4,320,240
train/plastic/plastic_train_original_008.jpg,train,plastic,1,original,train/plastic/camera_plastic_bf4dca5a81e0fd325a9beb95.jpg,camera_plastic_bf4dca5a81e0fd325a9beb95,plastic/camera_plastic_bf4dca5a81e0fd325a9beb95,plastic_bottle,False,bf4dca5a81e0fd325a9beb95d01ce018d2e811a7b6e7d4624f91417c1a671ff0,bf4dca5a81e0fd325a9beb95d01ce018d2e811a7b6e7d4624f91417c1a671ff0,320,240
train/plastic/plastic_train_original_009.jpg,train,plastic,1,original,train/plastic/camera_plastic_ed2238a3646e5789a015111d.jpg,camera_plastic_ed2238a3646e5789a015111d,plastic/camera_plastic_ed2238a3646e5789a015111d,plastic_bottle,False,ed2238a3646e5789a015111dba424b063053e9829a7ee2fc88bba7c2fbef47c8,ed2238a3646e5789a015111dba424b063053e9829a7ee2fc88bba7c2fbef47c8,320,240
train/plastic/plastic_train_original_010.jpg,train,plastic,1,original,train/plastic/camera_plastic_ef2717566d8f1daf32e59a8d.jpg,camera_plastic_ef2717566d8f1daf32e59a8d,plastic/camera_plastic_ef2717566d8f1daf32e59a8d,plastic_bottle,False,ef2717566d8f1daf32e59a8d40a3fddcc3744c2c517fd488f6f61509c0eff6a6,ef2717566d8f1daf32e59a8d40a3fddcc3744c2c517fd488f6f61509c0eff6a6,320,240
train/plastic/plastic_train_original_011.jpg,train,plastic,1,original,train/plastic/esp32-cam-2026-08-01T09-18-00-256Z.jpg,esp32-cam-2026-08-01T09-18-00-256Z,plastic/esp32-cam-2026-08-01T09-18-00-256Z,plastic_bottle,False,215049dd4039f3d51c2287b62703fbaa9bb5c6a6ad9ab241c099d6707344539a,215049dd4039f3d51c2287b62703fbaa9bb5c6a6ad9ab241c099d6707344539a,320,240
train/plastic/plastic_train_original_012.jpg,train,plastic,1,original,train/plastic/esp32-cam-2026-08-01T09-18-01-210Z.jpg,esp32-cam-2026-08-01T09-18-01-210Z,plastic/esp32-cam-2026-08-01T09-18-01-210Z,plastic_bottle,False,3e9b350fc437ea46d21c5184f20dcf603b9b29094d8aafa726685eb7127c22fe,3e9b350fc437ea46d21c5184f20dcf603b9b29094d8aafa726685eb7127c22fe,320,240
train/plastic/plastic_train_original_013.jpg,train,plastic,1,original,train/plastic/esp32-cam-2026-08-01T09-18-02-172Z.jpg,esp32-cam-2026-08-01T09-18-02-172Z,plastic/esp32-cam-2026-08-01T09-18-02-172Z,plastic_bottle,False,8ea737c2a40f42293952916cb0ffda1b34024635f4959198b9e8eb3b290a5cc1,8ea737c2a40f42293952916cb0ffda1b34024635f4959198b9e8eb3b290a5cc1,320,240
train/plastic/plastic_train_original_014.jpg,train,plastic,1,original,train/plastic/esp32-cam-2026-08-01T09-18-08-932Z.jpg,esp32-cam-2026-08-01T09-18-08-932Z,plastic/esp32-cam-2026-08-01T09-18-08-932Z,plastic_bottle,False,a87bb1d203c151f7a3d4c6d5013bf6c35a613b8396fd1e5fd431ac48a3d6ffda,a87bb1d203c151f7a3d4c6d5013bf6c35a613b8396fd1e5fd431ac48a3d6ffda,320,240
train/plastic/plastic_train_original_015.jpg,train,plastic,1,original,train/plastic/esp32-cam-2026-08-01T09-18-09-510Z.jpg,esp32-cam-2026-08-01T09-18-09-510Z,plastic/esp32-cam-2026-08-01T09-18-09-510Z,plastic_bottle,False,6f9a2d0330dae18b8551c90f6b06511d464882e833fc7c8e246a2c023b937367,6f9a2d0330dae18b8551c90f6b06511d464882e833fc7c8e246a2c023b937367,320,240
train/plastic/plastic_train_original_016.jpg,train,plastic,1,original,train/plastic/esp32-cam-2026-08-01T09-18-10-482Z.jpg,esp32-cam-2026-08-01T09-18-10-482Z,plastic/esp32-cam-2026-08-01T09-18-10-482Z,plastic_bottle,False,025e470edf30838885d7b6500ad033fc081b2b8767b29767e69f80a20dcae62f,025e470edf30838885d7b6500ad033fc081b2b8767b29767e69f80a20dcae62f,320,240
train/plastic/plastic_train_original_017.jpg,train,plastic,1,original,train/plastic/esp32-cam-2026-08-01T09-18-19-008Z.jpg,esp32-cam-2026-08-01T09-18-19-008Z,plastic/esp32-cam-2026-08-01T09-18-19-008Z,plastic_bottle,False,c0d15ac4240aed0c9941ed8374078a034f64fb36f8a7d07304931792c2e47d8f,c0d15ac4240aed0c9941ed8374078a034f64fb36f8a7d07304931792c2e47d8f,320,240
train/plastic/plastic_train_original_018.jpg,train,plastic,1,original,validation/plastic/esp32-cam-2026-08-01T09-18-19-765Z.jpg,esp32-cam-2026-08-01T09-18-19-765Z,plastic/esp32-cam-2026-08-01T09-18-19-765Z,plastic_bottle,False,97aaa692db4c1caf2e5943498b2aeb6104cf80892e7486a312b7532b4ab38ca4,97aaa692db4c1caf2e5943498b2aeb6104cf80892e7486a312b7532b4ab38ca4,320,240
train/plastic/plastic_train_original_019.jpg,train,plastic,1,original,train/plastic/esp32-cam-2026-08-01T09-18-25-982Z.jpg,esp32-cam-2026-08-01T09-18-25-982Z,plastic/esp32-cam-2026-08-01T09-18-25-982Z,plastic_bottle,False,8594f0a569012c1145e8be6746dcf881b30d6b2d1177b347eaff78250ee9aa1b,8594f0a569012c1145e8be6746dcf881b30d6b2d1177b347eaff78250ee9aa1b,320,240
train/plastic/plastic_train_original_020.jpg,train,plastic,1,original,train/plastic/esp32-cam-2026-08-01T09-18-28-587Z.jpg,esp32-cam-2026-08-01T09-18-28-587Z,plastic/esp32-cam-2026-08-01T09-18-28-587Z,plastic_bottle,False,85b558fad6619eb8923b403b6ee2dc49c34a0e8eabf71bc87dff32e8395e16e2,85b558fad6619eb8923b403b6ee2dc49c34a0e8eabf71bc87dff32e8395e16e2,320,240
train/plastic/plastic_train_original_021.jpg,train,plastic,1,original,train/plastic/esp32-cam-2026-08-01T09-18-34-428Z.jpg,esp32-cam-2026-08-01T09-18-34-428Z,plastic/esp32-cam-2026-08-01T09-18-34-428Z,plastic_bottle,False,7dc14e69fba746693cfc394ad6d7325779fcc804c8125671c2563d793fbdefa7,7dc14e69fba746693cfc394ad6d7325779fcc804c8125671c2563d793fbdefa7,320,240
train/plastic/plastic_train_original_022.jpg,train,plastic,1,original,train/plastic/esp32-cam-2026-08-01T09-18-35-112Z.jpg,esp32-cam-2026-08-01T09-18-35-112Z,plastic/esp32-cam-2026-08-01T09-18-35-112Z,plastic_bottle,False,d9ff8d5109570dd027fc74df30f9c48e9965548422edcdeefa70ea4c11da710a,d9ff8d5109570dd027fc74df30f9c48e9965548422edcdeefa70ea4c11da710a,320,240
train/plastic/plastic_train_original_023.jpg,train,plastic,1,original,train/plastic/esp32-cam-2026-08-01T09-18-48-725Z.jpg,esp32-cam-2026-08-01T09-18-48-725Z,plastic/esp32-cam-2026-08-01T09-18-48-725Z,plastic_bottle,False,641a65585b37573c3bc270a114218d6d64e4b562312b5272f7ddca7d04c13120,641a65585b37573c3bc270a114218d6d64e4b562312b5272f7ddca7d04c13120,320,240
train/plastic/plastic_train_original_024.jpg,train,plastic,1,original,train/plastic/esp32-cam-2026-08-01T09-18-51-779Z.jpg,esp32-cam-2026-08-01T09-18-51-779Z,plastic/esp32-cam-2026-08-01T09-18-51-779Z,plastic_bottle,False,050e2420378665514c040a7c99a9ec4519d50ed340256e4977ca4181b1c18aee,050e2420378665514c040a7c99a9ec4519d50ed340256e4977ca4181b1c18aee,320,240
train/plastic/plastic_train_original_025.jpg,train,plastic,1,original,train/plastic/esp32-cam-2026-08-01T09-19-16-734Z.jpg,esp32-cam-2026-08-01T09-19-16-734Z,plastic/esp32-cam-2026-08-01T09-19-16-734Z,plastic_bottle,False,a5aa802f7a1a2bb2b7410dec0951dec2a2b4bc8c0ebe6bc614be900530cdb244,a5aa802f7a1a2bb2b7410dec0951dec2a2b4bc8c0ebe6bc614be900530cdb244,320,240
train/plastic/plastic_train_original_026.jpg,train,plastic,1,original,train/plastic/esp32-cam-2026-08-01T09-20-15-163Z.jpg,esp32-cam-2026-08-01T09-20-15-163Z,plastic/esp32-cam-2026-08-01T09-20-15-163Z,plastic_bottle,False,86d21e2ace2835dfd1fec14ed8617067011635c9e196e4e7fc069a5dc9a95739,86d21e2ace2835dfd1fec14ed8617067011635c9e196e4e7fc069a5dc9a95739,320,240
train/plastic/plastic_train_original_027.jpg,train,plastic,1,original,train/plastic/v4_plastic_0d141ec360175d25f115774e.jpg,v4_plastic_0d141ec360175d25f115774e,plastic/plastic_008,plastic_bottle,False,0d141ec360175d25f115774e92de4a9bbca07a7c204cded9792a830478c7896b,0d141ec360175d25f115774e92de4a9bbca07a7c204cded9792a830478c7896b,320,240
train/plastic/plastic_train_original_028.jpg,train,plastic,1,original,train/plastic/plastic_014.jpg,plastic_014,plastic/plastic_014,plastic_bottle,False,6402bd901967d79e41faad1cc0b6103e1a7d57f31786445392d914259d12e364,6402bd901967d79e41faad1cc0b6103e1a7d57f31786445392d914259d12e364,320,240
train/plastic/plastic_train_v9_aug_001.jpg,train,plastic,1,v9_augmentation,train/plastic/camera_plastic_21270466c954512fef8852ef.jpg,camera_plastic_21270466c954512fef8852ef,plastic/camera_plastic_21270466c954512fef8852ef,plastic_bottle,False,f2f407f921679ae29dd858f371e81085c92e9de4194aa3b4ff754137502e7508,21270466c954512fef8852ef4c6c1ba24c774bc1272795301749e75cf11ceb9f,320,240
train/plastic/plastic_train_v9_aug_002.jpg,train,plastic,1,v9_augmentation,train/plastic/camera_plastic_42bf63f8f4178ebcc50108ee.jpg,camera_plastic_42bf63f8f4178ebcc50108ee,plastic/camera_plastic_42bf63f8f4178ebcc50108ee,plastic_bottle,False,c3d8aa9812402b41880c34cf4129d98c90a29167f7a29c7df47dca4db9089312,42bf63f8f4178ebcc50108eee998ab49caa1b579445104a36d852609e3358871,320,240
train/plastic/plastic_train_v9_aug_003.jpg,train,plastic,1,v9_augmentation,train/plastic/camera_plastic_43a0bd2c3b192c8511726f69.jpg,camera_plastic_43a0bd2c3b192c8511726f69,plastic/camera_plastic_43a0bd2c3b192c8511726f69,plastic_bottle,False,bd4b936082ba8e65028680d6dbdfda068fe646471d4fa92ea276490a60971ab3,43a0bd2c3b192c8511726f696eadeac9ba12198fa2bfd8182edaf3b9434d36b9,320,240
train/plastic/plastic_train_v9_aug_004.jpg,train,plastic,1,v9_augmentation,train/plastic/camera_plastic_49eed3b3c6942bf9809b38bb.jpg,camera_plastic_49eed3b3c6942bf9809b38bb,plastic/camera_plastic_49eed3b3c6942bf9809b38bb,plastic_bottle,False,f1e86a0fcc17a8f3ed641044c7f407f9fbb477c277d5993c2b066a882f5a6def,49eed3b3c6942bf9809b38bbea82bb93c7a2a479fbe3c6713b1d67121e503c7f,320,240
train/plastic/plastic_train_v9_aug_005.jpg,train,plastic,1,v9_augmentation,train/plastic/camera_plastic_6a96988ff82ed609e7d8eaf8.jpg,camera_plastic_6a96988ff82ed609e7d8eaf8,plastic/camera_plastic_6a96988ff82ed609e7d8eaf8,plastic_bottle,False,077af37413b7498425a8d1ad034d600d128be0d61a7e78b08cf4450b617fb5c1,6a96988ff82ed609e7d8eaf8777c1721dd3776c25db50bfeed56be3ccf541077,320,240
train/plastic/plastic_train_v9_aug_006.jpg,train,plastic,1,v9_augmentation,train/plastic/camera_plastic_7d11f7973f60a22846f00611.jpg,camera_plastic_7d11f7973f60a22846f00611,plastic/camera_plastic_7d11f7973f60a22846f00611,plastic_bottle,False,94b5924e5ae4ed4e96e67b2c817d0ff26e4054164116d0328b2cde82cd3c4899,7d11f7973f60a22846f00611e89d1990f3e437b6429c9577d5b9592ef9c467d1,320,240
train/plastic/plastic_train_v9_aug_007.jpg,train,plastic,1,v9_augmentation,train/plastic/camera_plastic_ad8a8c8f63e854fb7b85f45e.jpg,camera_plastic_ad8a8c8f63e854fb7b85f45e,plastic/camera_plastic_ad8a8c8f63e854fb7b85f45e,plastic_bottle,False,1ced061e7b901eb786c21094da3a710cc64d203ebc60ba379f20c0fde20d2845,ad8a8c8f63e854fb7b85f45e21ee55a90728e2a2fec79487d8d767b25e3052b4,320,240
train/plastic/plastic_train_v9_aug_008.jpg,train,plastic,1,v9_augmentation,train/plastic/camera_plastic_bf4dca5a81e0fd325a9beb95.jpg,camera_plastic_bf4dca5a81e0fd325a9beb95,plastic/camera_plastic_bf4dca5a81e0fd325a9beb95,plastic_bottle,False,b4f02c61ef801226fdb0e4e2d760f939e428fefa0632d910b6ef1052e48c834c,bf4dca5a81e0fd325a9beb95d01ce018d2e811a7b6e7d4624f91417c1a671ff0,320,240
train/plastic/plastic_train_v9_aug_009.jpg,train,plastic,1,v9_augmentation,train/plastic/camera_plastic_ed2238a3646e5789a015111d.jpg,camera_plastic_ed2238a3646e5789a015111d,plastic/camera_plastic_ed2238a3646e5789a015111d,plastic_bottle,False,6f786f687819e8f53a9d2f360ec7f315d863d1657c509a41d2949fa66d47c66a,ed2238a3646e5789a015111dba424b063053e9829a7ee2fc88bba7c2fbef47c8,320,240
train/plastic/plastic_train_v9_aug_010.jpg,train,plastic,1,v9_augmentation,train/plastic/camera_plastic_ef2717566d8f1daf32e59a8d.jpg,camera_plastic_ef2717566d8f1daf32e59a8d,plastic/camera_plastic_ef2717566d8f1daf32e59a8d,plastic_bottle,False,5f78bf4de55e80db18a3240892de87af851b17d9621b71108e66d25568aa9d39,ef2717566d8f1daf32e59a8d40a3fddcc3744c2c517fd488f6f61509c0eff6a6,320,240
train/plastic/plastic_train_v9_aug_011.jpg,train,plastic,1,v9_augmentation,train/plastic/esp32-cam-2026-08-01T09-18-00-256Z.jpg,esp32-cam-2026-08-01T09-18-00-256Z,plastic/esp32-cam-2026-08-01T09-18-00-256Z,plastic_bottle,False,b4c1b268fc97d16fbe1eb323431aeab1dd7780f2a548cb93f95214b177bc7ba6,215049dd4039f3d51c2287b62703fbaa9bb5c6a6ad9ab241c099d6707344539a,320,240
train/plastic/plastic_train_v9_aug_012.jpg,train,plastic,1,v9_augmentation,train/plastic/esp32-cam-2026-08-01T09-18-01-210Z.jpg,esp32-cam-2026-08-01T09-18-01-210Z,plastic/esp32-cam-2026-08-01T09-18-01-210Z,plastic_bottle,False,6dd7cc594d5c2b1a695cec8bfaf021b9fa7164a5e297386f48845f014f340837,3e9b350fc437ea46d21c5184f20dcf603b9b29094d8aafa726685eb7127c22fe,320,240
train/plastic/plastic_train_v9_aug_013.jpg,train,plastic,1,v9_augmentation,train/plastic/esp32-cam-2026-08-01T09-18-02-172Z.jpg,esp32-cam-2026-08-01T09-18-02-172Z,plastic/esp32-cam-2026-08-01T09-18-02-172Z,plastic_bottle,False,d2a6d05be5397c9a71650126cb501f63ba038f6f527c64cf1176b4c19f8855d7,8ea737c2a40f42293952916cb0ffda1b34024635f4959198b9e8eb3b290a5cc1,320,240
train/plastic/plastic_train_v9_aug_014.jpg,train,plastic,1,v9_augmentation,train/plastic/esp32-cam-2026-08-01T09-18-08-932Z.jpg,esp32-cam-2026-08-01T09-18-08-932Z,plastic/esp32-cam-2026-08-01T09-18-08-932Z,plastic_bottle,False,9f1ae6cfb93fad735da65c53fc3c65411d13b5c06f0ccfc0318a9c436ff002b3,a87bb1d203c151f7a3d4c6d5013bf6c35a613b8396fd1e5fd431ac48a3d6ffda,320,240
train/plastic/plastic_train_v9_aug_015.jpg,train,plastic,1,v9_augmentation,train/plastic/esp32-cam-2026-08-01T09-18-09-510Z.jpg,esp32-cam-2026-08-01T09-18-09-510Z,plastic/esp32-cam-2026-08-01T09-18-09-510Z,plastic_bottle,False,2edd1e52fb03b02a075665bad5864611bc6bccda7293d6914fc011ca14975a17,6f9a2d0330dae18b8551c90f6b06511d464882e833fc7c8e246a2c023b937367,320,240
train/plastic/plastic_train_v9_aug_016.jpg,train,plastic,1,v9_augmentation,train/plastic/esp32-cam-2026-08-01T09-18-10-482Z.jpg,esp32-cam-2026-08-01T09-18-10-482Z,plastic/esp32-cam-2026-08-01T09-18-10-482Z,plastic_bottle,False,8053498844b376d0382960640601d213d1a2ae39578b28507f099461e6d6606d,025e470edf30838885d7b6500ad033fc081b2b8767b29767e69f80a20dcae62f,320,240
train/plastic/plastic_train_v9_aug_017.jpg,train,plastic,1,v9_augmentation,train/plastic/esp32-cam-2026-08-01T09-18-19-008Z.jpg,esp32-cam-2026-08-01T09-18-19-008Z,plastic/esp32-cam-2026-08-01T09-18-19-008Z,plastic_bottle,False,e8ff4175fa181d22e6665690c05fbcadf74d7ea285f3bd233c38482544ddb265,c0d15ac4240aed0c9941ed8374078a034f64fb36f8a7d07304931792c2e47d8f,320,240
train/plastic/plastic_train_v9_aug_018.jpg,train,plastic,1,v9_augmentation,validation/plastic/esp32-cam-2026-08-01T09-18-19-765Z.jpg,esp32-cam-2026-08-01T09-18-19-765Z,plastic/esp32-cam-2026-08-01T09-18-19-765Z,plastic_bottle,False,8811f0ab207ccd82beb8f6c890a7343f7020a8af2513eb3dd903ad8b840c231d,97aaa692db4c1caf2e5943498b2aeb6104cf80892e7486a312b7532b4ab38ca4,320,240
train/plastic/plastic_train_v9_aug_019.jpg,train,plastic,1,v9_augmentation,train/plastic/esp32-cam-2026-08-01T09-18-25-982Z.jpg,esp32-cam-2026-08-01T09-18-25-982Z,plastic/esp32-cam-2026-08-01T09-18-25-982Z,plastic_bottle,False,70e1c86de99c6dc111dcbbdd273bd8801e0f2ee170422141cc900594fe55a2bd,8594f0a569012c1145e8be6746dcf881b30d6b2d1177b347eaff78250ee9aa1b,320,240
train/plastic/plastic_train_v9_aug_020.jpg,train,plastic,1,v9_augmentation,train/plastic/esp32-cam-2026-08-01T09-18-28-587Z.jpg,esp32-cam-2026-08-01T09-18-28-587Z,plastic/esp32-cam-2026-08-01T09-18-28-587Z,plastic_bottle,False,65091df49f9820f9826456444e262b571bfda66319c505868612316908216c86,85b558fad6619eb8923b403b6ee2dc49c34a0e8eabf71bc87dff32e8395e16e2,320,240
train/plastic/plastic_train_v9_aug_021.jpg,train,plastic,1,v9_augmentation,train/plastic/esp32-cam-2026-08-01T09-18-34-428Z.jpg,esp32-cam-2026-08-01T09-18-34-428Z,plastic/esp32-cam-2026-08-01T09-18-34-428Z,plastic_bottle,False,60d7e1427dea0c2b48bbac015d235001bba413b4888e7202741d7e8e318a7688,7dc14e69fba746693cfc394ad6d7325779fcc804c8125671c2563d793fbdefa7,320,240
train/plastic/plastic_train_v9_aug_022.jpg,train,plastic,1,v9_augmentation,train/plastic/esp32-cam-2026-08-01T09-18-35-112Z.jpg,esp32-cam-2026-08-01T09-18-35-112Z,plastic/esp32-cam-2026-08-01T09-18-35-112Z,plastic_bottle,False,64e430f31ef0ce9eae2f40d7ed556b3b9bcfa787eaaf85e400f956af66d29087,d9ff8d5109570dd027fc74df30f9c48e9965548422edcdeefa70ea4c11da710a,320,240
train/plastic/plastic_train_v9_aug_023.jpg,train,plastic,1,v9_augmentation,train/plastic/esp32-cam-2026-08-01T09-18-48-725Z.jpg,esp32-cam-2026-08-01T09-18-48-725Z,plastic/esp32-cam-2026-08-01T09-18-48-725Z,plastic_bottle,False,eccee35afc0bd4a8c56090c7c38af2f872f389962985dd838de2be38132fce3b,641a65585b37573c3bc270a114218d6d64e4b562312b5272f7ddca7d04c13120,320,240
train/plastic/plastic_train_v9_aug_024.jpg,train,plastic,1,v9_augmentation,train/plastic/esp32-cam-2026-08-01T09-18-51-779Z.jpg,esp32-cam-2026-08-01T09-18-51-779Z,plastic/esp32-cam-2026-08-01T09-18-51-779Z,plastic_bottle,False,055af6a712c33783f60e42cb1116a9b3bb74dcbb3d5d0278d2c4bbc471d98a10,050e2420378665514c040a7c99a9ec4519d50ed340256e4977ca4181b1c18aee,320,240
train/plastic/plastic_train_v9_aug_025.jpg,train,plastic,1,v9_augmentation,train/plastic/esp32-cam-2026-08-01T09-19-16-734Z.jpg,esp32-cam-2026-08-01T09-19-16-734Z,plastic/esp32-cam-2026-08-01T09-19-16-734Z,plastic_bottle,False,5e57cbc81a2258d5b7626d76d9ee3855cb06df1a78dc09e3e49f25e1b6ff3c53,a5aa802f7a1a2bb2b7410dec0951dec2a2b4bc8c0ebe6bc614be900530cdb244,320,240
train/plastic/plastic_train_v9_aug_026.jpg,train,plastic,1,v9_augmentation,train/plastic/esp32-cam-2026-08-01T09-20-15-163Z.jpg,esp32-cam-2026-08-01T09-20-15-163Z,plastic/esp32-cam-2026-08-01T09-20-15-163Z,plastic_bottle,False,432cdbaa898ea901865a3af81d44393dc707c8014b492a8412feb08a07482e3d,86d21e2ace2835dfd1fec14ed8617067011635c9e196e4e7fc069a5dc9a95739,320,240
train/plastic/plastic_train_v9_aug_027.jpg,train,plastic,1,v9_augmentation,train/plastic/v4_plastic_0d141ec360175d25f115774e.jpg,v4_plastic_0d141ec360175d25f115774e,plastic/plastic_008,plastic_bottle,False,f70352e3d186dffb9de11a6c905996e614062481852831757f50f1d86b8b3319,0d141ec360175d25f115774e92de4a9bbca07a7c204cded9792a830478c7896b,320,240
validation/organic/organic_validation_original_001.jpg,validation,organic,2,original,train/organic/esp32-cam-2026-08-01T09-23-38-834Z.jpg,esp32-cam-2026-08-01T09-23-38-834Z,organic/esp32-cam-2026-08-01T09-23-38-834Z,lime_3_plus,False,2c4710685071bfd37c45e3873ab498f786ab260e474fdde223692bdfb79ad90b,2c4710685071bfd37c45e3873ab498f786ab260e474fdde223692bdfb79ad90b,320,240
validation/organic/organic_validation_original_002.jpg,validation,organic,2,original,train/organic/esp32-cam-2026-08-01T09-24-01-064Z.jpg,esp32-cam-2026-08-01T09-24-01-064Z,organic/esp32-cam-2026-08-01T09-24-01-064Z,lime_2,False,5e8fd0644cc933ca38fe1e69a04a99895675de59e0f2e15f016b1d24ba3325a6,5e8fd0644cc933ca38fe1e69a04a99895675de59e0f2e15f016b1d24ba3325a6,320,240
validation/organic/organic_validation_original_003.jpg,validation,organic,2,original,train/organic/esp32-cam-2026-08-01T09-24-19-364Z.jpg,esp32-cam-2026-08-01T09-24-19-364Z,organic/esp32-cam-2026-08-01T09-24-19-364Z,lime_1,False,033a4974d6876650dbe209df9b9d3deed9c6ddec7fbd6d02c28653b043c88aa4,033a4974d6876650dbe209df9b9d3deed9c6ddec7fbd6d02c28653b043c88aa4,320,240
validation/organic/organic_validation_original_004.jpg,validation,organic,2,original,train/organic/esp32-cam-2026-08-01T09-25-06-442Z.jpg,esp32-cam-2026-08-01T09-25-06-442Z,organic/esp32-cam-2026-08-01T09-25-06-442Z,lime_2,False,5598e49e93d83789a6f8c692a656dacb0eeae122d73192b9c7b34ab68fd5285f,5598e49e93d83789a6f8c692a656dacb0eeae122d73192b9c7b34ab68fd5285f,320,240
validation/organic/organic_validation_original_005.jpg,validation,organic,2,original,train/organic/esp32-cam-2026-08-01T09-25-15-394Z.jpg,esp32-cam-2026-08-01T09-25-15-394Z,organic/esp32-cam-2026-08-01T09-25-15-394Z,lime_3_plus,False,e5cd048d54e5f06d288116a2a60e080192b3ca8dcf94d6d52ff1e794e1ab8d81,e5cd048d54e5f06d288116a2a60e080192b3ca8dcf94d6d52ff1e794e1ab8d81,320,240
validation/organic/organic_validation_original_006.jpg,validation,organic,2,original,validation/organic/esp32-cam-2026-08-01T09-25-45-682Z.jpg,esp32-cam-2026-08-01T09-25-45-682Z,organic/esp32-cam-2026-08-01T09-25-45-682Z,lime_1,False,c48e4a0b42284156bb05d8ad36ee354ae6c6b470069600de86f2def5e40772aa,c48e4a0b42284156bb05d8ad36ee354ae6c6b470069600de86f2def5e40772aa,320,240
validation/organic/organic_validation_original_007.jpg,validation,organic,2,original,test/organic/esp32-cam-2026-08-01T09-26-13-328Z.jpg,esp32-cam-2026-08-01T09-26-13-328Z,organic/esp32-cam-2026-08-01T09-26-13-328Z,lime_1,False,050bb1e72ccb2f2996070596abf5fa149516578083b2b3058c165c9fddb8cb44,050bb1e72ccb2f2996070596abf5fa149516578083b2b3058c165c9fddb8cb44,320,240
validation/paper/paper_validation_original_001.jpg,validation,paper,0,original,train/paper/esp32-cam-2026-08-01T09-20-56-169Z.jpg,esp32-cam-2026-08-01T09-20-56-169Z,paper/esp32-cam-2026-08-01T09-20-56-169Z,paper_esp32_varied_pose,False,ba3ec781bfa2966c327444b191460b0c6b74b95126e0068b21bdee5c5773f344,ba3ec781bfa2966c327444b191460b0c6b74b95126e0068b21bdee5c5773f344,320,240
validation/paper/paper_validation_original_002.jpg,validation,paper,0,original,train/paper/esp32-cam-2026-08-01T09-21-08-060Z.jpg,esp32-cam-2026-08-01T09-21-08-060Z,paper/esp32-cam-2026-08-01T09-21-08-060Z,paper_esp32_varied_pose,False,e2834d0257298bfa33c50213ed5c46711bcfa00b56641bd4b37538d99ed65f52,e2834d0257298bfa33c50213ed5c46711bcfa00b56641bd4b37538d99ed65f52,320,240
validation/paper/paper_validation_original_003.jpg,validation,paper,0,original,validation/paper/esp32-cam-2026-08-01T09-21-26-275Z.jpg,esp32-cam-2026-08-01T09-21-26-275Z,paper/esp32-cam-2026-08-01T09-21-26-275Z,paper_esp32_varied_pose,False,7ab465d6737116b2efc14ea74b4430b13744c3e3280adbb21c5c61c69e6b8b35,7ab465d6737116b2efc14ea74b4430b13744c3e3280adbb21c5c61c69e6b8b35,320,240
validation/paper/paper_validation_original_004.jpg,validation,paper,0,original,validation/paper/esp32-cam-2026-08-01T09-21-32-945Z.jpg,esp32-cam-2026-08-01T09-21-32-945Z,paper/esp32-cam-2026-08-01T09-21-32-945Z,paper_esp32_varied_pose,False,ae828013084f49b7a744734696896ae61b913d626c7c6d55101f557adeb3592a,ae828013084f49b7a744734696896ae61b913d626c7c6d55101f557adeb3592a,320,240
validation/paper/paper_validation_original_005.jpg,validation,paper,0,original,train/paper/esp32-cam-2026-08-01T09-21-41-368Z.jpg,esp32-cam-2026-08-01T09-21-41-368Z,paper/esp32-cam-2026-08-01T09-21-41-368Z,paper_esp32_varied_pose,False,446722779f0bc6c1115a64463de4aa6d801e55f835580e1145fe0f97c47924ab,446722779f0bc6c1115a64463de4aa6d801e55f835580e1145fe0f97c47924ab,320,240
validation/paper/paper_validation_original_006.jpg,validation,paper,0,original,validation/paper/esp32-cam-2026-08-01T09-21-48-763Z.jpg,esp32-cam-2026-08-01T09-21-48-763Z,paper/esp32-cam-2026-08-01T09-21-48-763Z,paper_esp32_varied_pose,False,e216ea5f9f1b6c9b4c26059e2c1c0203cf0082c5cf8ed5e7201f4f90ffb57581,e216ea5f9f1b6c9b4c26059e2c1c0203cf0082c5cf8ed5e7201f4f90ffb57581,320,240
validation/paper/paper_validation_original_007.jpg,validation,paper,0,original,test/paper/esp32-cam-2026-08-01T09-22-42-501Z.jpg,esp32-cam-2026-08-01T09-22-42-501Z,paper/esp32-cam-2026-08-01T09-22-42-501Z,paper_esp32_varied_pose,False,dd2c2b60131041cdeb032d266e88b48e2ad92758895fe3e59a8663e53cb12e69,dd2c2b60131041cdeb032d266e88b48e2ad92758895fe3e59a8663e53cb12e69,320,240
validation/plastic/plastic_validation_original_001.jpg,validation,plastic,1,original,validation/plastic/esp32-cam-2026-08-01T09-18-27-447Z.jpg,esp32-cam-2026-08-01T09-18-27-447Z,plastic/esp32-cam-2026-08-01T09-18-27-447Z,plastic_bottle,False,6ae5cbf8379c7d83dd52d4bd35d9a9be902b32c53e21789c35b35f083195daec,6ae5cbf8379c7d83dd52d4bd35d9a9be902b32c53e21789c35b35f083195daec,320,240
validation/plastic/plastic_validation_original_002.jpg,validation,plastic,1,original,validation/plastic/esp32-cam-2026-08-01T09-18-35-939Z.jpg,esp32-cam-2026-08-01T09-18-35-939Z,plastic/esp32-cam-2026-08-01T09-18-35-939Z,plastic_bottle,False,1aec29c38cb975995c65a8ea9c22fe3eb52a2d8dc6d9ea0645d337e53421cb7c,1aec29c38cb975995c65a8ea9c22fe3eb52a2d8dc6d9ea0645d337e53421cb7c,320,240
validation/plastic/plastic_validation_original_003.jpg,validation,plastic,1,original,validation/plastic/esp32-cam-2026-08-01T09-18-49-442Z.jpg,esp32-cam-2026-08-01T09-18-49-442Z,plastic/esp32-cam-2026-08-01T09-18-49-442Z,plastic_bottle,False,fabd8bd57235f376a56954d22b61445c7a15d611c38421f69cc164eb4502fbfc,fabd8bd57235f376a56954d22b61445c7a15d611c38421f69cc164eb4502fbfc,320,240
validation/plastic/plastic_validation_original_004.jpg,validation,plastic,1,original,validation/plastic/esp32-cam-2026-08-01T09-19-22-225Z.jpg,esp32-cam-2026-08-01T09-19-22-225Z,plastic/esp32-cam-2026-08-01T09-19-22-225Z,plastic_bottle,False,1b12f665337b7a9dbca807c4f3a4b1d809998d5fbdf0b28ab4a83eb103509edc,1b12f665337b7a9dbca807c4f3a4b1d809998d5fbdf0b28ab4a83eb103509edc,320,240
validation/plastic/plastic_validation_original_005.jpg,validation,plastic,1,original,validation/plastic/esp32-cam-2026-08-01T09-19-29-965Z.jpg,esp32-cam-2026-08-01T09-19-29-965Z,plastic/esp32-cam-2026-08-01T09-19-29-965Z,plastic_bottle,False,b13335b38e02236cecf1fda34c03a844ea762a9967735872d4917e901d3da57a,b13335b38e02236cecf1fda34c03a844ea762a9967735872d4917e901d3da57a,320,240
validation/plastic/plastic_validation_original_006.jpg,validation,plastic,1,original,validation/plastic/esp32-cam-2026-08-01T09-19-34-536Z.jpg,esp32-cam-2026-08-01T09-19-34-536Z,plastic/esp32-cam-2026-08-01T09-19-34-536Z,plastic_bottle,False,53dabaf6fc692abb57a989d3f013d2764ce68149e932e6a5ac02ac2c0c91c7d1,53dabaf6fc692abb57a989d3f013d2764ce68149e932e6a5ac02ac2c0c91c7d1,320,240
validation/plastic/plastic_validation_original_007.jpg,validation,plastic,1,original,validation/plastic/esp32-cam-2026-08-01T09-19-43-238Z.jpg,esp32-cam-2026-08-01T09-19-43-238Z,plastic/esp32-cam-2026-08-01T09-19-43-238Z,plastic_bottle,False,688e0dc5f54f5c57868c7afac2a5af4996f0ee4871449557f1cfe354be1b9e07,688e0dc5f54f5c57868c7afac2a5af4996f0ee4871449557f1cfe354be1b9e07,320,240
test/organic/organic_test_original_001.jpg,test,organic,2,original,train/organic/esp32-cam-2026-08-01T09-23-52-181Z.jpg,esp32-cam-2026-08-01T09-23-52-181Z,organic/esp32-cam-2026-08-01T09-23-52-181Z,lime_2,False,8816d16878d509d964430de9aa264485038184a1749566c34d906f86defa5885,8816d16878d509d964430de9aa264485038184a1749566c34d906f86defa5885,320,240
test/organic/organic_test_original_002.jpg,test,organic,2,original,train/organic/esp32-cam-2026-08-01T09-24-26-277Z.jpg,esp32-cam-2026-08-01T09-24-26-277Z,organic/esp32-cam-2026-08-01T09-24-26-277Z,lime_2,False,756b98a3f905fcf2c810d6cdf760bc9e75b0abcb0680c1fa7df7fc6c25789e6a,756b98a3f905fcf2c810d6cdf760bc9e75b0abcb0680c1fa7df7fc6c25789e6a,320,240
test/organic/organic_test_original_003.jpg,test,organic,2,original,validation/organic/esp32-cam-2026-08-01T09-25-07-397Z.jpg,esp32-cam-2026-08-01T09-25-07-397Z,organic/esp32-cam-2026-08-01T09-25-07-397Z,lime_2,False,4159b234cb58914ee19111729d08d79890bddfcc6858ac7cc9e2dcf7aaba0842,4159b234cb58914ee19111729d08d79890bddfcc6858ac7cc9e2dcf7aaba0842,320,240
test/organic/organic_test_original_004.jpg,test,organic,2,original,train/organic/esp32-cam-2026-08-01T09-25-16-967Z.jpg,esp32-cam-2026-08-01T09-25-16-967Z,organic/esp32-cam-2026-08-01T09-25-16-967Z,lime_3_plus,False,85479a0721702894a11ed4e9855747fcec12d870648f0cdc3a7e1ac139de5976,85479a0721702894a11ed4e9855747fcec12d870648f0cdc3a7e1ac139de5976,320,240
test/organic/organic_test_original_005.jpg,test,organic,2,original,validation/organic/esp32-cam-2026-08-01T09-25-33-360Z.jpg,esp32-cam-2026-08-01T09-25-33-360Z,organic/esp32-cam-2026-08-01T09-25-33-360Z,lime_3_plus,False,7430afc9e0cbf62627f207a0a0371056436183139b2208f4023a71b7fba937c9,7430afc9e0cbf62627f207a0a0371056436183139b2208f4023a71b7fba937c9,320,240
test/organic/organic_test_original_006.jpg,test,organic,2,original,test/organic/esp32-cam-2026-08-01T09-26-02-308Z.jpg,esp32-cam-2026-08-01T09-26-02-308Z,organic/esp32-cam-2026-08-01T09-26-02-308Z,lime_1,False,b9ce1118370072b18b33d051d3974e51090508c0d95d686b01f8867b73e4191f,b9ce1118370072b18b33d051d3974e51090508c0d95d686b01f8867b73e4191f,320,240
test/organic/organic_test_original_007.jpg,test,organic,2,original,test/organic/esp32-cam-2026-08-01T09-26-34-723Z.jpg,esp32-cam-2026-08-01T09-26-34-723Z,organic/esp32-cam-2026-08-01T09-26-34-723Z,lime_1,False,83e3bfdbee7e2315737fd1deb4fd4e2993ea62c52bc1bd699595eb0736aec3ab,83e3bfdbee7e2315737fd1deb4fd4e2993ea62c52bc1bd699595eb0736aec3ab,320,240
test/paper/paper_test_original_001.jpg,test,paper,0,original,train/paper/esp32-cam-2026-08-01T09-20-58-823Z.jpg,esp32-cam-2026-08-01T09-20-58-823Z,paper/esp32-cam-2026-08-01T09-20-58-823Z,paper_esp32_varied_pose,False,60c0a08fb63c4a7b4bd02f8fd743cd41fef2474fd26c4979fa53cc0b452f353a,60c0a08fb63c4a7b4bd02f8fd743cd41fef2474fd26c4979fa53cc0b452f353a,320,240
test/paper/paper_test_original_002.jpg,test,paper,0,original,train/paper/esp32-cam-2026-08-01T09-21-17-077Z.jpg,esp32-cam-2026-08-01T09-21-17-077Z,paper/esp32-cam-2026-08-01T09-21-17-077Z,paper_esp32_varied_pose,False,7724d0de866c2530effd764c99d65dc64670555012e5078af1053239e624119a,7724d0de866c2530effd764c99d65dc64670555012e5078af1053239e624119a,320,240
test/paper/paper_test_original_003.jpg,test,paper,0,original,train/paper/esp32-cam-2026-08-01T09-21-43-340Z.jpg,esp32-cam-2026-08-01T09-21-43-340Z,paper/esp32-cam-2026-08-01T09-21-43-340Z,paper_esp32_varied_pose,False,ef4b7d82d7fcb300da283878cf70cf33f02d64a422c8462b36c406a0f64306e1,ef4b7d82d7fcb300da283878cf70cf33f02d64a422c8462b36c406a0f64306e1,320,240
test/paper/paper_test_original_004.jpg,test,paper,0,original,train/paper/esp32-cam-2026-08-01T09-21-49-767Z.jpg,esp32-cam-2026-08-01T09-21-49-767Z,paper/esp32-cam-2026-08-01T09-21-49-767Z,paper_esp32_varied_pose,False,2aa19a5e8c65ad86c24c21aa902c3ac7d9e8280a9f0d1618194e0d9d480b5a98,2aa19a5e8c65ad86c24c21aa902c3ac7d9e8280a9f0d1618194e0d9d480b5a98,320,240
test/paper/paper_test_original_005.jpg,test,paper,0,original,train/paper/esp32-cam-2026-08-01T09-21-51-510Z.jpg,esp32-cam-2026-08-01T09-21-51-510Z,paper/esp32-cam-2026-08-01T09-21-51-510Z,paper_esp32_varied_pose,False,2e562fed16b27556991f8b76769b17a2491442a6eaa8b5fd41e6dd58500fbf00,2e562fed16b27556991f8b76769b17a2491442a6eaa8b5fd41e6dd58500fbf00,320,240
test/paper/paper_test_original_006.jpg,test,paper,0,original,train/paper/esp32-cam-2026-08-01T09-22-44-117Z.jpg,esp32-cam-2026-08-01T09-22-44-117Z,paper/esp32-cam-2026-08-01T09-22-44-117Z,paper_esp32_varied_pose,False,36ba47d2ceb242aee2a26fb36aa7012928e6188823ae225e8277aab81ffb94dc,36ba47d2ceb242aee2a26fb36aa7012928e6188823ae225e8277aab81ffb94dc,320,240
test/paper/paper_test_original_007.jpg,test,paper,0,original,train/paper/v4_paper_c71d8eeda805285d3b65adcc.jpg,v4_paper_c71d8eeda805285d3b65adcc,paper/paper_009,paper_legacy_varied_pose,False,c71d8eeda805285d3b65adccbe0f210a6e9120f8dbd151da2f4c4c621b838119,c71d8eeda805285d3b65adccbe0f210a6e9120f8dbd151da2f4c4c621b838119,320,240
test/plastic/plastic_test_original_001.jpg,test,plastic,1,original,test/plastic/esp32-cam-2026-08-01T09-18-11-451Z.jpg,esp32-cam-2026-08-01T09-18-11-451Z,plastic/esp32-cam-2026-08-01T09-18-11-451Z,plastic_bottle,False,404577ffa6305119ba98fbeb544d2052096e9ee3bf07fdef40ab0c9b7546f279,404577ffa6305119ba98fbeb544d2052096e9ee3bf07fdef40ab0c9b7546f279,320,240
test/plastic/plastic_test_original_002.jpg,test,plastic,1,original,test/plastic/esp32-cam-2026-08-01T09-18-18-049Z.jpg,esp32-cam-2026-08-01T09-18-18-049Z,plastic/esp32-cam-2026-08-01T09-18-18-049Z,plastic_bottle,False,5fac342e784dea746a71faeb63bd5402bf597b951f03ebec4076ccd7ce409c37,5fac342e784dea746a71faeb63bd5402bf597b951f03ebec4076ccd7ce409c37,320,240
test/plastic/plastic_test_original_003.jpg,test,plastic,1,original,test/plastic/esp32-cam-2026-08-01T09-18-50-193Z.jpg,esp32-cam-2026-08-01T09-18-50-193Z,plastic/esp32-cam-2026-08-01T09-18-50-193Z,plastic_bottle,False,545d34fdb8e5991ac6a7c80c265f483c099edac4439148b5adb4e35dca3ca738,545d34fdb8e5991ac6a7c80c265f483c099edac4439148b5adb4e35dca3ca738,320,240
test/plastic/plastic_test_original_004.jpg,test,plastic,1,original,test/plastic/esp32-cam-2026-08-01T09-19-49-152Z.jpg,esp32-cam-2026-08-01T09-19-49-152Z,plastic/esp32-cam-2026-08-01T09-19-49-152Z,plastic_bottle,False,1374e0d17851ff4d9858cf600119f6dedbf509e4cf3dfa782b9bcdd7e0e39861,1374e0d17851ff4d9858cf600119f6dedbf509e4cf3dfa782b9bcdd7e0e39861,320,240
test/plastic/plastic_test_original_005.jpg,test,plastic,1,original,test/plastic/esp32-cam-2026-08-01T09-20-01-299Z.jpg,esp32-cam-2026-08-01T09-20-01-299Z,plastic/esp32-cam-2026-08-01T09-20-01-299Z,plastic_bottle,False,758463845ed7acd2e5af0d24fecf772b4281735a136a75f74e6cb170789a2f64,758463845ed7acd2e5af0d24fecf772b4281735a136a75f74e6cb170789a2f64,320,240
test/plastic/plastic_test_original_006.jpg,test,plastic,1,original,test/plastic/esp32-cam-2026-08-01T09-20-08-360Z.jpg,esp32-cam-2026-08-01T09-20-08-360Z,plastic/esp32-cam-2026-08-01T09-20-08-360Z,plastic_bottle,False,80d175a87d8270c78b5f81da43b0b90a19ae0ec73ad95164e655db74499a28ff,80d175a87d8270c78b5f81da43b0b90a19ae0ec73ad95164e655db74499a28ff,320,240
test/plastic/plastic_test_original_007.jpg,test,plastic,1,original,test/plastic/esp32-cam-2026-08-01T09-20-14-018Z.jpg,esp32-cam-2026-08-01T09-20-14-018Z,plastic/esp32-cam-2026-08-01T09-20-14-018Z,plastic_bottle,False,3a2d8d20c361a90cd08621841fafed1c939d6cb04e228510106bd58d14b0b37a,3a2d8d20c361a90cd08621841fafed1c939d6cb04e228510106bd58d14b0b37a,320,240
